Status	Prioritet	"Pall nr"	"Batch nr"	Artikel	Artikel	Område	Ändrad	Antal	Vikt	Användare	Kö	Utgång	SSCC	Bolag	Lager	"Antal per lav"	Detalj	Kontrolind	Viktartikel	Palltyp	"Pack klass"	"Mix Pall"	Inköpsnr	"Crossdock Ind"	Produktionsdatum	"Robot Ind"
20	5	718320		2000516	"LEVERSNITTAR FAVORITGODIS 2,5KG"		"2026-03-16 20:33:51"	160	"419,68"	ALIA95	4	2027-05-10	273500916307183205	GG	404	0	C	N	N	EUR	0		500320661	N	2025-11-09	Y
20	5	670247		1267279	"FIBERDUK PALLKRAGE FÖR BÅGAR"		"2026-03-16 20:33:07"	288	"115,2"	Abdi74	4		273500916306702476	GG	404	0	C	N	N	EUR	0		500238469	N		Y
20	5	696163		2000515	"LEVERSNITTAR FAVORITGODIS LAMM&RIS 800G"		"2026-03-16 20:31:58"	432	"349,92"	ALIA95	4	2027-08-06	273500916306961637	GG	404	0	C	N	N	EUR	0		500314359	N	2026-02-05	Y
20	5	718294		2000492	"TUGGRULLE HEAVENLY 15-17,5CM BIFF"		"2026-03-16 20:31:14"	2444	"173,52"	Abdi74	4	2029-09-30	273500916307182949	GG	404	0	C	N	N	EUR	0		500320661	N	2026-10-01	Y
20	5	715520		1007557	"BLUNDSTONE 500 STL42"		"2026-03-16 20:29:23"	96	"112,32"	Abdi74	4		273500916307155202	GG	404	0	C	N	N	EUR	0		500256397	N		Y
20	5	720946		1268146	"KOPPLING KRAN 1"" 18222-20"		"2026-03-16 19:21:50"	60	0	MALI14	4		273500916307209462	GG	404	0	C	N	N	EUR	0		500322910	N		Y
30	5	720943		2003076242888	"OGRÄSNIX RAPID KONC. 5 L -"		"2026-03-16 19:17:30"	3	0	MALI14	4	2027-05-01	273500916307209431	GG	404	0	C	N	N	EUR	0		500319231	N	2025-05-01	N
30	5	720935		2003637	"MASKINFÄSTE RYOBI ONE+  4-PACK"	UTE05	"2026-03-16 19:05:29"	40	0	MALI14	4		273500916307209356	GG	404	0	C	N	N	EUR	0		500322248	N		Y
30	5	720934		2003638	"BATTERIFÄSTE RYOBI ONE+  4-PACK"	UTE05	"2026-03-16 19:05:28"	130	0	MALI14	4		273500916307209349	GG	404	0	C	N	N	EUR	0		500322248	N		Y
20	5	720919		1267279	"FIBERDUK PALLKRAGE FÖR BÅGAR"		"2026-03-16 18:44:47"	24	0	LINU22	4		273500916307209196	GG	404	0	C	N	N	EUR	0		500261734	N		Y
30	5	720918		1267280	"KÅLNÄT 4X5M"		"2026-03-16 18:44:11"	6	0	LINU22	4		273500916307209189	GG	404	0	C	N	N	EUR	0		500261734	N		N
30	5	720905		1290060	"RC CAT KITTEN JELLY 12X85G"	UTE05	"2026-03-16 18:39:20"	30	0	MALI14	4	2027-12-23	273500916307209059	GG	404	0	C	N	N	EUR	0		500322909	N	2025-12-23	Y
30	5	720908		1244256	"RC DOG MINI PUPPY GRAVY 12X85G"	UTE05	"2026-03-16 18:39:20"	20	0	MALI14	4	2028-01-17	273500916307209080	GG	404	0	C	N	N	EUR	0		500322909	N	2026-01-17	Y
30	5	720906		1237086	"RC CAT KITTEN GRAVY 12X85G"	UTE05	"2026-03-16 18:39:20"	24	0	MALI14	4	2028-01-14	273500916307209066	GG	404	0	C	N	N	EUR	0		500322909	N	2026-01-14	Y
30	5	720907		1290059	"RC CAT URINARY CARE GRAVY 12X85G"	UTE05	"2026-03-16 18:39:20"	24	0	MALI14	4	2028-01-13	273500916307209073	GG	404	0	C	N	N	EUR	0		500322909	N	2026-01-13	Y
30	5	720903		1290069	"RC DOG X-SMALL ADULT 8+ 1,5KG"	UTE05	"2026-03-16 18:39:20"	12	0	MALI14	4	2027-07-14	273500916307209035	GG	404	0	C	N	N	EUR	0		500322909	N	2026-01-13	Y
30	5	720910		1290061	"RC CAT STERILISED JELLY 12X85G"	UTE05	"2026-03-16 18:39:20"	32	0	MALI14	4	2028-01-23	273500916307209103	GG	404	0	C	N	N	EUR	0		500322909	N	2026-01-23	Y
30	5	720909		1237089	"RC CAT HAIR&SKIN CARE GRAVY ADULT 12X85G"	UTE05	"2026-03-16 18:39:20"	24	0	MALI14	4	2028-01-22	273500916307209097	GG	404	0	C	N	N	EUR	0		500322909	N	2026-01-22	Y
30	5	720911		1244260	"RC DOG MEDIUM ADULT GRAVY 10X140G"	UTE05	"2026-03-16 18:39:20"	24	0	MALI14	4	2027-12-18	273500916307209110	GG	404	0	C	N	N	EUR	0		500322909	N	2025-12-18	Y
30	5	720913		1290069	"RC DOG X-SMALL ADULT 8+ 1,5KG"	UTE05	"2026-03-16 18:39:20"	12	0	MALI14	4	2027-07-14	273500916307209134	GG	404	0	C	N	N	EUR	0		500322909	N	2026-01-13	Y
30	5	720884		1052279	"TRATTSATS 50-75-100-120 MM"	UTE02	"2026-03-16 17:58:18"	96	0	ISAK02	4		273500916307208847	GG	404	0	C	N	N	EUR	0		500306835	N		Y
30	5	720849		2002046	"ROOT - BIOHUMUS 4L -KRAV"	UTE01	"2026-03-16 17:48:44"	16	0	NELL17	4		273500916307208496	GG	404	0	C	N	N	EUR	0		500313213	N		Y
30	5	720850		1185382	"SVAMPMEDEL CURERAKUMULUS 200G"	UTE01	"2026-03-16 17:48:44"	12	0	NELL17	4		273500916307208502	GG	404	0	C	N	N	EUR	0		500313213	N		Y
30	5	720842		1166528	"TORKVINDA WENDELA"		"2026-03-16 17:33:18"	36	0	ISAK02	4		273500916307208427	GG	404	0	C	N	N	EUR	0		500319261	N		N
30	5	720841		1166528	"TORKVINDA WENDELA"		"2026-03-16 17:33:18"	36	0	ISAK02	4		273500916307208410	GG	404	0	C	N	N	EUR	0		500319261	N		N
30	5	720840		1166528	"TORKVINDA WENDELA"		"2026-03-16 17:33:18"	36	0	ISAK02	4		273500916307208403	GG	404	0	C	N	N	EUR	0		500319261	N		N
30	5	720839		1166528	"TORKVINDA WENDELA"		"2026-03-16 17:33:18"	36	0	ISAK02	4		273500916307208397	GG	404	0	C	N	N	EUR	0		500319261	N		N
30	5	720838		1166528	"TORKVINDA WENDELA"		"2026-03-16 17:33:18"	36	0	ISAK02	4		273500916307208380	GG	404	0	C	N	N	EUR	0		500319261	N		N
30	5	720837		1165211	"VALLFRÖ MIRA 21 15 KG SW"		"2026-03-16 17:33:11"	19	0	MALI14	4	2027-09-01	273500916307208373	GG	404	0	C	N	N	EUR	0		500318141	N	2026-06-23	N
35	5	720836		1250844	"TORKVINDA WILDA"		"2026-03-16 17:32:33"	36	0	FATH10	4		273500916307208366	GG	404	0	C	N	N	EUR	0		500319261	N		N
30	5	720835		1250844	"TORKVINDA WILDA"		"2026-03-16 17:32:32"	36	0	ISAK02	4		273500916307208359	GG	404	0	C	N	N	EUR	0		500319261	N		N
30	5	720834		1250844	"TORKVINDA WILDA"		"2026-03-16 17:32:32"	36	0	ISAK02	4		273500916307208342	GG	404	0	C	N	N	EUR	0		500319261	N		N
30	5	720833		1250844	"TORKVINDA WILDA"		"2026-03-16 17:32:32"	36	0	ISAK02	4		273500916307208335	GG	404	0	C	N	N	EUR	0		500319261	N		N
30	5	720832		1250844	"TORKVINDA WILDA"		"2026-03-16 17:32:32"	36	0	ISAK02	4		273500916307208328	GG	404	0	C	N	N	EUR	0		500319261	N		N
30	5	720831		1250844	"TORKVINDA WILDA"		"2026-03-16 17:32:32"	36	0	ISAK02	4		273500916307208311	GG	404	0	C	N	N	EUR	0		500319261	N		N
30	5	720830		1250844	"TORKVINDA WILDA"		"2026-03-16 17:32:32"	36	0	ISAK02	4		273500916307208304	GG	404	0	C	N	N	EUR	0		500319261	N		N
30	5	720829		1250844	"TORKVINDA WILDA"		"2026-03-16 17:32:32"	36	0	ISAK02	4		273500916307208298	GG	404	0	C	N	N	EUR	0		500319261	N		N
30	5	720804		2002217	"STÄNGSELKRAMPOR 3,0X35MM ZINK 350 ST"	UTE05	"2026-03-16 17:29:43"	50	0	ISAK02	4		273500916307208045	GG	404	0	C	N	N	EUR	0		500320991	N		Y
30	5	720813		1009863	"SEKATÖR FELCO 2"	UTE05	"2026-03-16 17:29:43"	24	0	ISAK02	4		273500916307208137	GG	404	0	C	N	N	EUR	0		500307906	N		Y
30	5	720815		1261498	"SEKATÖR FELCO 8"	UTE05	"2026-03-16 17:29:43"	24	0	ISAK02	4		273500916307208151	GG	404	0	C	N	N	EUR	0		500307906	N		Y
30	5	720821		1267321	"SEKATÖR FELCO 7"	UTE05	"2026-03-16 17:29:43"	24	0	ISAK02	4		273500916307208212	GG	404	0	C	N	N	EUR	0		500307906	N		Y
30	5	720819		1009867	"SEKATÖR FELCO  6"	UTE05	"2026-03-16 17:29:43"	24	0	ISAK02	4		273500916307208199	GG	404	0	C	N	N	EUR	0		500307906	N		Y
30	5	720817		1267318	"SEKATÖR FELCO 4"	UTE05	"2026-03-16 17:29:43"	24	0	ISAK02	4		273500916307208175	GG	404	0	C	N	N	EUR	0		500307906	N		Y
30	5	720807		2002218	"STÄNGSELKRAMPOR 1,75X19,1 MM ZINK 100 ST"	UTE05	"2026-03-16 17:29:43"	80	0	ISAK02	4		273500916307208076	GG	404	0	C	N	N	EUR	0		500320991	N		Y
30	5	720806		2002216	"STÄNGSELKRAMPOR 2,5X25MM ZINK 500 ST"	UTE05	"2026-03-16 17:29:43"	50	0	ISAK02	4		273500916307208069	GG	404	0	C	N	N	EUR	0		500320991	N		Y
30	5	720825		1165211	"VALLFRÖ MIRA 21 15 KG SW"		"2026-03-16 17:28:20"	17	0	MALI14	4	2027-09-01	273500916307208250	GG	404	0	C	N	N	EUR	0		500318141	N	2026-06-23	N
30	5	720823		1165198	"VALLFRÖ PAVO EKO 21 15 KG SW"		"2026-03-16 17:26:05"	19	0	MALI14	4	2027-09-01	273500916307208236	GG	404	0	C	N	N	EUR	0		500318141	N	2026-06-23	N
30	5	720818		1165211	"VALLFRÖ MIRA 21 15 KG SW"		"2026-03-16 17:25:10"	18	0	MALI14	4	2027-09-01	273500916307208182	GG	404	0	C	N	N	EUR	0		500318141	N	2026-06-23	N
30	5	720805		1262183	"VÄXTLAMPA LED 18W"	UTE01	"2026-03-16 17:22:53"	8	0	NELL17	4		273500916307208052	GG	404	0	C	N	N	EUR	0		500313213	N		Y
30	5	720801		1267156	"KONSOL RAK 17 CM"	UTE01	"2026-03-16 17:22:53"	12	0	NELL17	4		273500916307208014	GG	404	0	C	N	N	EUR	0		500313213	N		Y
30	5	720800		1262860	"VÄXTBELYSNING LED 15W MED SKÄRM"	UTE01	"2026-03-16 17:22:53"	30	0	NELL17	4		273500916307208007	GG	404	0	C	N	N	EUR	0		500313213	N		Y
30	5	720797		1166933	"SÅRBALSAM CURERA 150GR"	UTE01	"2026-03-16 17:22:53"	50	0	NELL17	4		273500916307207970	GG	404	0	C	N	N	EUR	0		500313213	N		Y
30	5	720799		1267019	"FÖRLÄNGNINGSSLADD LEDRAMPER"	UTE01	"2026-03-16 17:22:52"	65	0	NELL17	4		273500916307207994	GG	404	0	C	N	N	EUR	0		500313213	N		Y
30	5	720796		1267158	"KONSOL RAK 38 CM"	UTE01	"2026-03-16 17:22:52"	24	0	NELL17	4		273500916307207963	GG	404	0	C	N	N	EUR	0		500313213	N		Y
30	5	720794		1267157	"KONSOL RAK 25 CM"	UTE01	"2026-03-16 17:22:52"	12	0	NELL17	4		273500916307207949	GG	404	0	C	N	N	EUR	0		500313213	N		Y
30	5	720809		1165211	"VALLFRÖ MIRA 21 15 KG SW"		"2026-03-16 17:21:22"	4	0	LINU22	4	2027-09-01	273500916307208090	GG	404	0	C	N	N	EUR	0		500318141	N	2026-06-23	N
30	5	720798		2002043	"PLANTCLIPS 10ST S/10ST L"		"2026-03-16 17:14:37"	12	0	NELL17	4		273500916307207987	GG	404	0	C	N	N	EUR	0		500313213	N		N
30	5	720795		1165198	"VALLFRÖ PAVO EKO 21 15 KG SW"		"2026-03-16 17:11:48"	2	0	LINU22	4	2027-09-01	273500916307207956	GG	404	0	C	N	N	EUR	0		500318141	N	2026-06-23	N
30	5	720785		1165198	"VALLFRÖ PAVO EKO 21 15 KG SW"		"2026-03-16 16:59:44"	4	0	LINU22	4	2027-09-01	273500916307207857	GG	404	0	C	N	N	EUR	0		500318141	N	2026-06-23	N
30	5	720784		1266822	"SLÄGGHAMMARE 1 35KG/30CM"	UTE01	"2026-03-16 16:59:41"	120	0	JULI38	4		273500916307207840	GG	404	0	C	N	N	EUR	0		500319278	N		Y
30	5	720783		1165211	"VALLFRÖ MIRA 21 15 KG SW"		"2026-03-16 16:57:41"	16	0	LINU22	4	2027-09-01	273500916307207833	GG	404	0	C	N	N	EUR	0		500318141	N	2026-06-23	N
30	5	720771		1267294	"PLANTERINGSSPADE BRED ROSTFRI FSC 33 CM"	UTE01	"2026-03-16 16:38:02"	10	0	NELL17	4		273500916307207710	GG	404	0	C	N	N	EUR	0		500316775	N		Y
30	5	720770		1267295	"PLANTERINGSSPADE SMAL ROSTFRI FSC 33 CM"	UTE01	"2026-03-16 16:38:02"	30	0	NELL17	4		273500916307207703	GG	404	0	C	N	N	EUR	0		500316775	N		Y
30	5	720768		1267296	"KULTIVATOR ROSTFRI FSC 28 CM"	UTE01	"2026-03-16 16:38:02"	90	0	NELL17	4		273500916307207680	GG	404	0	C	N	N	EUR	0		500316775	N		Y
30	5	720766		1267297	"MASKROSJÄRN ROSTFRI FSC 35 CM"	UTE01	"2026-03-16 16:38:02"	60	0	NELL17	4		273500916307207666	GG	404	0	C	N	N	EUR	0		500316775	N		Y
30	5	720728		1169745	"GRODDAR ALFAALFA ORGANIC"	UTE05	"2026-03-16 16:27:55"	50	0	NELL17	4		273500916307207284	GG	404	0	C	N	N	EUR	0		500316775	N		Y
30	5	720722		1267356	"GRODDAR RÄTTIKA ORGANIC"	UTE05	"2026-03-16 16:27:55"	60	0	NELL17	4		273500916307207222	GG	404	0	C	N	N	EUR	0		500316775	N		Y
30	5	720724		1169747	"GRODDAR HOT MIX ORGANIC"	UTE05	"2026-03-16 16:27:55"	30	0	NELL17	4		273500916307207246	GG	404	0	C	N	N	EUR	0		500316775	N		Y
30	5	720721		1267357	"GRODDAR RÄDISA ORGANIC"	UTE05	"2026-03-16 16:27:55"	40	0	NELL17	4		273500916307207215	GG	404	0	C	N	N	EUR	0		500316775	N		Y
30	5	720729		1169746	"GRODDAR KRASSE ORGANIC"	UTE05	"2026-03-16 16:27:55"	20	0	NELL17	4		273500916307207291	GG	404	0	C	N	N	EUR	0		500316775	N		Y
30	5	720759		1267298	"RENSKNIV ROSTFRI FSC 32 CM"	UTE05	"2026-03-16 16:27:54"	250	0	NELL17	4		273500916307207598	GG	404	0	C	N	N	EUR	0		500316775	N		Y
30	5	720727		200110320	"VÄGGFÄRG SUPERTÄCK 5 BAS A 2,85L"		"2026-03-16 16:14:51"	96	0	ALIC77	4		273500916307207277	MG	JKP	0	C	N	N	EUR	0		999111095	N		N
20	5	720708		2001366	"FRÖPÅSE D RÖD TOMAT HÖG MATINA ORGANIC"		"2026-03-16 16:05:55"	5	0	SIMO15	4	2026-09-01	273500916307207086	GG	404	0	C	N	N	EUR	0		69129			Y
30	5	720661		200036328	"MUTTER M6M FZB -8 ISO 4032 M6"	UTE09	"2026-03-16 16:00:41"	59	0	ALIC77	4		273500916307206614	MG	JKP	0	C	N	N	EUR	0		999111188	N		Y
30	5	720675		200031071	"LÅSMUTTER M6LM LÅG FZB -[8] DIN 985 M6"	UTE09	"2026-03-16 16:00:41"	53	0	ALIC77	4		273500916307206751	MG	JKP	0	C	N	N	EUR	0		999111188	N		Y
30	5	720681		200034502	"BRICKA SRKB FZB 200HV 12 13X35X1,5MM"	UTE09	"2026-03-16 16:00:41"	10	0	ALIC77	4		273500916307206812	MG	JKP	0	C	N	N	EUR	0		999111188	N		Y
30	5	720682		200029117	"MASKINSKRUV MRX FZB 4.8 DIN 7985 KULLRIG M6X16MM"	UTE09	"2026-03-16 16:00:41"	10	0	ALIC77	4		273500916307206829	MG	JKP	0	C	N	N	EUR	0		999111188	N		Y
30	5	720623		200026451	"MASKINSKRUV MRX FZB 4.8 DIN 7985 KULLRIG M4X40MM 10ST"	UTE09	"2026-03-16 16:00:41"	64	0	ALIC77	4		273500916307206232	MG	JKP	0	C	N	N	EUR	0		999111188	N		Y
30	5	720625		200037650	"BRICKA RBS FZB ISO 7093 10 10,5X30X2,5MM 16ST"	UTE09	"2026-03-16 16:00:41"	27	0	ALIC77	4		273500916307206256	MG	JKP	0	C	N	N	EUR	0		999111188	N		Y
30	5	720676		200036328	"MUTTER M6M FZB -8 ISO 4032 M6"	UTE09	"2026-03-16 16:00:41"	3	0	ALIC77	4		273500916307206768	MG	JKP	0	C	N	N	EUR	0		999111188	N		Y
30	5	720619		200033717	"BRICKA BRB FZB ISO 7089 200HV 5 5,3X10X1MM 40ST"	UTE09	"2026-03-16 16:00:41"	16	0	ALIC77	4		273500916307206195	MG	JKP	0	C	N	N	EUR	0		999111188	N		Y
30	5	720615		200036728	"MASKINSKRUV MRX FZB 4.8 DIN 7985 KULLRIG M5X20MM 8ST"	UTE09	"2026-03-16 16:00:41"	32	0	ALIC77	4		273500916307206157	MG	JKP	0	C	N	N	EUR	0		999111188	N		Y
30	5	720636		200038884	"SKARVMUTTER M6HM FZV M8X40MM"	UTE09	"2026-03-16 16:00:41"	5	0	ALIC77	4		273500916307206362	MG	JKP	0	C	N	N	EUR	0		999111188	N		Y
30	5	720633		200036041	"BLINDNIT KULLRIG AL/ST ÖPPEN SVART 3,2X10MM"	UTE09	"2026-03-16 16:00:41"	7	0	ALIC77	4		273500916307206331	MG	JKP	0	C	N	N	EUR	0		999111188	N		Y
30	5	720629		200035740	"LÅSMUTTER M6LM LÅG A4-80 DIN 985 M10"	UTE09	"2026-03-16 16:00:41"	7	0	ALIC77	4		273500916307206294	MG	JKP	0	C	N	N	EUR	0		999111188	N		Y
30	5	720627		200037696	"LÅSMUTTER M6LM LÅG A4-80 DIN 985 M6"	UTE09	"2026-03-16 16:00:41"	11	0	ALIC77	4		273500916307206270	MG	JKP	0	C	N	N	EUR	0		999111188	N		Y
30	5	720639		200031225	"SKRUV M6S FZV 8.8U ISO 4014 6-KANT M16X80MM"	UTE09	"2026-03-16 16:00:41"	3	0	ALIC77	4		273500916307206393	MG	JKP	0	C	N	N	EUR	0		999111188	N		Y
20	5	720705		700158299	"MUSFÄLLA SNAP BAYER PLAST 2ST SB"		"2026-03-16 15:59:00"	10	0	SIMO15	4		273500916307207055	MG	JKP	0	C	N	N	EUR	0		69127			Y
20	5	720701		1260201	"SÅGKEDJA 13"" .325 1 3 MM 56DL (95TXL)"		"2026-03-16 15:49:42"	26	0	SIMO15	4		273500916307207017	GG	404	0	C	N	N	EUR	0		69125			Y
20	5	720669		2000488	"TUGGRULLE GROV 25CM PRESSAD"		"2026-03-16 15:36:10"	390	0	HEED12	4	2028-09-20	273500916307206690	GG	404	0	C	N	N	EUR	0		500320661	N	2025-09-21	Y
30	5	720616		2000568	"HUNDLEKSAK BOLL M REP ORANGE 35CM"	UTE02	"2026-03-16 15:30:47"	78	0	HEED12	4		273500916307206164	GG	404	0	C	N	N	EUR	0		500320661	N		Y
30	5	720620		2003212	"KATTLEKSAK GLITTRANDE SPINDLAR 3P"	UTE02	"2026-03-16 15:30:46"	66	0	HEED12	4		273500916307206201	GG	404	0	C	N	N	EUR	0		500320661	N		Y
30	5	720574		2000575	"FLYTLEKSAK HUGO"	UTE02	"2026-03-16 15:30:46"	27	0	HEED12	4		273500916307205747	GG	404	0	C	N	N	EUR	0		500320661	N		Y
30	5	720614		2002608	"KARDA UNDERULL MEDIUM"	UTE02	"2026-03-16 15:30:46"	32	0	HEED12	4		273500916307206140	GG	404	0	C	N	N	EUR	0		500320661	N		Y
30	5	720613		2003208	"KATTLEKSAK SAFARIMUS 3P BEIGE"	UTE02	"2026-03-16 15:30:46"	90	0	HEED12	4		273500916307206133	GG	404	0	C	N	N	EUR	0		500320661	N		Y
30	5	720569		2000567	"HUNDLEKSAK BOLL M REP SVART 35CM"	UTE02	"2026-03-16 15:30:46"	36	0	HEED12	4		273500916307205693	GG	404	0	C	N	N	EUR	0		500320661	N		Y
30	5	720628		2000496	"TUGGRULLE PRESS VIT 25CM"	UTE02	"2026-03-16 15:30:46"	340	0	HEED12	4	2028-08-05	273500916307206287	GG	404	0	C	N	N	EUR	0		500320661	N	2025-08-06	Y
30	5	720630		2002614	"TOVUTREDARE 5 SKÄR"	UTE02	"2026-03-16 15:30:46"	16	0	HEED12	4		273500916307206300	GG	404	0	C	N	N	EUR	0		500320661	N		Y
30	5	720654		2000497	"TUGGBEN PRESSAT VIT 12,5CM"	UTE02	"2026-03-16 15:30:46"	260	0	HEED12	4	2028-02-20	273500916307206546	GG	404	0	C	N	N	EUR	0		500320661	N	2025-02-20	Y
30	5	720650		2000501	"TUGGRULLE VIT 12,5CM OPACKAD"	UTE02	"2026-03-16 15:30:46"	210	0	HEED12	4	2028-05-10	273500916307206508	GG	404	0	C	N	N	EUR	0		500320661	N	2025-05-11	Y
30	5	720634		2002611	"KAM FIN"	UTE02	"2026-03-16 15:30:46"	16	0	HEED12	4		273500916307206348	GG	404	0	C	N	N	EUR	0		500320661	N		Y
35	5	720641		200038775	"VAGNSBULT MVBF FZV 4.8U DIN 603 KULLRIG M10X40MM"		"2026-03-16 15:24:57"	5	0	ALIC77	4		273500916307206416	MG	JKP	0	C	N	N	EUR	0		999111188	N		N
30	5	720596		1198291	"RC DOG GOLDEN RETRIEVER ADULT 12KG"		"2026-03-16 15:06:21"	24	0	LINU22	4	2027-02-14	273500916307205969	GG	404	0	C	N	N	EUR	0		500322909	N	2026-02-14	N
30	5	720482		2003210	"KATTLEKSAK TUNNEL ROSA 25X60CM"	UTE02	"2026-03-16 14:49:40"	96	0	HEED12	4		273500916307204825	GG	404	0	C	N	N	EUR	0		500320661	N		Y
30	5	720484		2003215888280	"KATTLEKSAK NETTAN UGGLA - BLÅ"	UTE02	"2026-03-16 14:49:40"	12	0	HEED12	4		273500916307204849	GG	404	0	C	N	N	EUR	0		500320661	N		Y
30	5	720487		2002617716150	"BORSTE LÅNGA PIGG S GRÅ"	UTE02	"2026-03-16 14:49:40"	32	0	HEED12	4		273500916307204870	GG	404	0	C	N	N	EUR	0		500320661	N		Y
30	5	720490		2002607	"KARDA UNDERULL GROV"	UTE02	"2026-03-16 14:49:40"	36	0	HEED12	4		273500916307204900	GG	404	0	C	N	N	EUR	0		500320661	N		Y
30	5	720489		2002616	"TOVUTREDARE 9 SKÄR"	UTE02	"2026-03-16 14:49:40"	40	0	HEED12	4		273500916307204894	GG	404	0	C	N	N	EUR	0		500320661	N		Y
30	5	720486		2003214888280	"KATTLEKSAK NETTAN BOLL - BLÅ"	UTE02	"2026-03-16 14:49:40"	12	0	HEED12	4		273500916307204863	GG	404	0	C	N	N	EUR	0		500320661	N		Y
30	5	720492		2002629	"HUNDLEKSAK RÄV"	UTE02	"2026-03-16 14:49:40"	256	0	HEED12	4		273500916307204924	GG	404	0	C	N	N	EUR	0		500320661	N		Y
30	5	720466		700171391	"FLÄCKBORTTAGNING OXI SPRAY TRIGGER OCEAN 500ML"	UTE09	"2026-03-16 14:38:20"	24	0	MOAE93	4		273500916307204665	MG	JKP	0	C	N	N	EUR	0		999111120	N		Y
30	5	720447		700171387	"SKURCREME OPARFYMERAD OCEAN 500ML"	UTE09	"2026-03-16 14:38:20"	24	0	MOAE93	4		273500916307204474	MG	JKP	0	C	N	N	EUR	0		999111120	N		Y
30	5	720379		200218170	"SKRUVSTIFT 5074 EFZ M8X60MM 4ST"	UTE09	"2026-03-16 14:38:20"	5	0	MOAE93	4		273500916307203798	MG	JKP	0	C	N	N	EUR	0		999111201	N		Y
30	5	720383		200220069	"SKRUV M NIPPEL 10 MÄSS M4X65MM 2ST"	UTE09	"2026-03-16 14:38:20"	2	0	MOAE93	4		273500916307203835	MG	JKP	0	C	N	N	EUR	0		999111201	N		Y
30	5	720371		200214773	"NYCKELRING 1269 NICKEL D25MM"	UTE09	"2026-03-16 14:38:20"	600	0	MOAE93	4		273500916307203712	MG	JKP	0	C	N	N	EUR	0		999111201	N		Y
30	5	720349		200215309	"LÅSHUS 68765 EFZ"	UTE09	"2026-03-16 14:38:20"	5	0	MOAE93	4		273500916307203491	MG	JKP	0	C	N	N	EUR	0		999111201	N		Y
30	5	720365		200214578	"SKJUTREGEL 4539 P MÄSS 38MM"	UTE09	"2026-03-16 14:38:20"	5	0	MOAE93	4		273500916307203651	MG	JKP	0	C	N	N	EUR	0		999111201	N		Y
30	5	720368		200214237	"QUICK LINK 204 EFZ 32X12MM 2ST"	UTE09	"2026-03-16 14:38:20"	5	0	MOAE93	4		273500916307203682	MG	JKP	0	C	N	N	EUR	0		999111201	N		Y
30	5	720503		200890916	"KULVENTIL MED VRED VATETTE CU-CU RAK KLÄMKOPPL FKR 12X10"	UTE09	"2026-03-16 14:38:20"	15	0	MOAE93	4		273500916307205037	MG	JKP	0	C	N	N	EUR	0		999111154	N		Y
30	5	720363		700307480	"TAKSTOS HALOTEN 110 FLEXIBEL 350X350MM"	UTE09	"2026-03-16 14:38:20"	4	0	MOAE93	4		273500916307203637	MG	JKP	0	C	N	N	EUR	0		999111137	N		Y
30	5	720336		200223873	"CYLINDERSKRUV HÖGHÅLLFASTHET M5X80MM 4ST"	UTE09	"2026-03-16 14:38:20"	1	0	MOAE93	4		273500916307203361	MG	JKP	0	C	N	N	EUR	0		999111201	N		Y
30	5	720341		200224509	"LUCKDÄMPARE 9009 VIT 4ST"	UTE09	"2026-03-16 14:38:20"	1	0	MOAE93	4		273500916307203415	MG	JKP	0	C	N	N	EUR	0		999111201	N		Y
30	5	720343		200215101	"LÅSSTIFT 145 D3X15MM 5ST"	UTE09	"2026-03-16 14:38:20"	5	0	MOAE93	4		273500916307203439	MG	JKP	0	C	N	N	EUR	0		999111201	N		Y
30	5	720346		200214968	"GOLVSKYDD 108 TRANSPARENT 18MM 16ST"	UTE09	"2026-03-16 14:38:20"	1	0	MOAE93	4		273500916307203460	MG	JKP	0	C	N	N	EUR	0		999111201	N		Y
30	5	720351		200224348	"KALLRASSKYDD VENTIT D100MM"	UTE09	"2026-03-16 14:38:20"	1	0	MOAE93	4		273500916307203514	MG	JKP	0	C	N	N	EUR	0		999111201	N		Y
30	5	720372		200220069	"SKRUV M NIPPEL 10 MÄSS M4X65MM 2ST"	UTE09	"2026-03-16 14:38:20"	3	0	MOAE93	4		273500916307203729	MG	JKP	0	C	N	N	EUR	0		999111201	N		Y
30	5	720339		200000859	"MASKERINGSFOLIE EASY COVER UNIVERSAL TESA 33MX550MM"	UTE09	"2026-03-16 14:38:20"	120	0	MOAE93	4		273500916307203392	MG	JKP	0	C	N	N	EUR			999111062	N		Y
30	5	720511		700173788	"VENTILKÄGLA 15 ANTI-DROPP HEL GUMMIKÄGLA SB"	UTE09	"2026-03-16 14:38:20"	50	0	MOAE93	4		273500916307205112	MG	JKP	0	C	N	N	EUR	0		999111154	N		Y
30	5	720510		700173667	"DUBBELNIPPEL METALL R15XR10 UTVÄNDIG GÄNG SB"	UTE09	"2026-03-16 14:38:20"	60	0	MOAE93	4		273500916307205105	MG	JKP	0	C	N	N	EUR	0		999111154	N		Y
30	5	720507		700173663	"DUBBELNIPPEL METALL R10 UTVÄNDIG GÄNG SB"	UTE09	"2026-03-16 14:38:20"	45	0	MOAE93	4		273500916307205075	MG	JKP	0	C	N	N	EUR	0		999111154	N		Y
30	5	720512		700173789	"NYCKEL 7MM INVÄNDIG FÖR FMM VATTENUTKASTARE SB"	UTE09	"2026-03-16 14:38:20"	75	0	MOAE93	4		273500916307205129	MG	JKP	0	C	N	N	EUR	0		999111154	N		Y
30	5	720440		200165375	"FIXERINGSKIL I PLÅT M HULLING 125X80/86"	UTE09	"2026-03-16 14:38:20"	20	0	MOAE93	4		273500916307204405	MG	JKP	0	C	N	N	EUR	0		999111146	N		Y
30	5	720481		700329702	"TAPETKLISTER POWDER ADHESIVE 0,5KG"	UTE09	"2026-03-16 14:38:20"	50	0	MOAE93	4		273500916307204818	MG	JKP	0	C	N	N	EUR			999111180	N		Y
30	5	720516		700173685	"LOCK MED PACKNING R10 SB"	UTE09	"2026-03-16 14:38:20"	115	0	MOAE93	4		273500916307205167	MG	JKP	0	C	N	N	EUR	0		999111154	N		Y
30	5	720384		200215688	"SKRUVKROK 11 VIT 60MM 5ST"	UTE09	"2026-03-16 14:38:20"	5	0	MOAE93	4		273500916307203842	MG	JKP	0	C	N	N	EUR	0		999111201	N		Y
30	5	720514		700173594	"GUMMINIPPEL KOMBI 75/70-50/40 3106360 PURUS"	UTE09	"2026-03-16 14:38:20"	20	0	MOAE93	4		273500916307205143	MG	JKP	0	C	N	N	EUR	0		999111154	N		Y
30	5	720520		700173687	"LOCK MED PACKNING R20 SB"	UTE09	"2026-03-16 14:38:20"	55	0	MOAE93	4		273500916307205204	MG	JKP	0	C	N	N	EUR	0		999111154	N		Y
30	5	720522		700215169	"DISTANSLIST MARK 50MM L2M"		"2026-03-16 14:35:30"	8	0	SAND18	4		273500916307205228	MG	JKP	0	C	N	N	EUR	0		999111146	N		N
30	5	720521		700168530	"DISPLAY ALG&MÖGEL SANERING BIOKLEEN 48ST"		"2026-03-16 14:34:37"	1	0	DANK09	4		273500916307205211	MG	JKP	0	C	N	N	EUR			999111127	N		N
30	5	719730		200826543	"ANDNINGSSKYDD 4251+ MED FILTERA1P2 ORGANISKA ÅNGOR"	UTE09	"2026-03-16 14:33:42"	8	0	SAND18	4		273500916307197301	MG	JKP	0	C	N	N	EUR			999111020	N		Y
30	5	719723		200003543	"HÅLLARE + PLAST PTD2093EL-107 FÖRTEJPAD 2,72X17M"	UTE09	"2026-03-16 14:33:42"	30	0	SAND18	4		273500916307197233	MG	JKP	0	C	N	N	EUR	0		999111020	N		Y
30	5	719724		200003198	"HÖRSELKÅPA X2A PELTOR 94-105DB (94?105 DB)"	UTE09	"2026-03-16 14:33:42"	12	0	SAND18	4		273500916307197240	MG	JKP	0	C	N	N	EUR			999111020	N		Y
30	5	719673		700164008	"VARSELVÄST 7586 GUL L/XL"	UTE09	"2026-03-16 14:33:42"	10	0	SAND18	4		273500916307196731	MG	JKP	0	C	N	N	EUR	0		999111145	N		Y
30	5	719675		700222414	"BÄLTE 9282 STRETCH NO SCRATCH MÖRKGRÅ 120"	UTE09	"2026-03-16 14:33:42"	8	0	SAND18	4		273500916307196755	MG	JKP	0	C	N	N	EUR	0		999111145	N		Y
30	5	719721		200003397	"MASKERINGSTEJP 244 PROFESSIONELL 24MM 50M"	UTE09	"2026-03-16 14:33:42"	72	0	SAND18	4		273500916307197219	MG	JKP	0	C	N	N	EUR	0		999111020	N		Y
30	5	719678		700164117	"KNÄSKYDD 9943 ORANGE/SVART ONE SIZE"	UTE09	"2026-03-16 14:33:42"	65	0	SAND18	4		273500916307196786	MG	JKP	0	C	N	N	EUR	0		999111145	N		Y
30	5	719676		700163996	"REGNSTÄLL 6535 SVART L"	UTE09	"2026-03-16 14:33:42"	4	0	SAND18	4		273500916307196762	MG	JKP	0	C	N	N	EUR	0		999111145	N		Y
30	5	720495		700171376	"BADRUMSRENGÖRING OCEAN 1L"	UTE09	"2026-03-16 14:33:42"	12	0	SAND18	4		273500916307204955	MG	JKP	0	C	N	N	EUR	0		999111120	N		Y
30	5	720231		200156220	"BITS PZ1 25MM 3ST"	UTE09	"2026-03-16 14:33:42"	2	0	SAND18	4		273500916307202319	MG	JKP	0	C	N	N	EUR	0		999111202	N		Y
30	5	720232		200155613	"BITS XTR TX25 KONISK IMPACT 50MM 3ST"	UTE09	"2026-03-16 14:33:42"	4	0	SAND18	4		273500916307202326	MG	JKP	0	C	N	N	EUR	0		999111202	N		Y
30	5	720498		700171388	"RAPSSÅPA OCEAN 1L"	UTE09	"2026-03-16 14:33:42"	24	0	SAND18	4		273500916307204986	MG	JKP	0	C	N	N	EUR	0		999111120	N		Y
30	5	720224		200147147	"DYCKERT F18 FZB 1,2X25 7000ST"	UTE09	"2026-03-16 14:33:42"	2	0	SAND18	4		273500916307202241	MG	JKP	0	C	N	N	EUR	0		999111202	N		Y
30	5	720225		200149896	"FYRKANTSBRICKA DIN 436 FZV M12 25ST"	UTE09	"2026-03-16 14:33:42"	2	0	SAND18	4		273500916307202258	MG	JKP	0	C	N	N	EUR	0		999111202	N		Y
30	5	720230		200158077	"FYRKANTSBRICKA DIN 436 FZV M8 50ST"	UTE09	"2026-03-16 14:33:42"	6	0	SAND18	4		273500916307202302	MG	JKP	0	C	N	N	EUR	0		999111202	N		Y
30	5	720229		200165850	"KRAMPA FZV 2,5X25 20ST"	UTE09	"2026-03-16 14:33:42"	10	0	SAND18	4		273500916307202296	MG	JKP	0	C	N	N	EUR	0		999111202	N		Y
30	5	720227		200160194	"DYCKERT F18 FZB 1,2X50 3600ST"	UTE09	"2026-03-16 14:33:42"	4	0	SAND18	4		273500916307202272	MG	JKP	0	C	N	N	EUR	0		999111202	N		Y
30	5	720226		200162756	"SEXKANTSMUTTER ISO 4032 CLASS8 FZV M8 100ST"	UTE09	"2026-03-16 14:33:42"	4	0	SAND18	4		273500916307202265	MG	JKP	0	C	N	N	EUR	0		999111202	N		Y
30	5	720513		200224345	"TOALETTPAPPERSHÅLLARE 1368 RF 84X144MM SB"	UTE09	"2026-03-16 14:33:42"	2	0	SAND18	4		273500916307205136	MG	JKP	0	C	N	N	EUR	0		999111201	N		Y
30	5	720443		2000517	"TUGGPINNAR HJORT 5-P S 12,5CM"	UTE02	"2026-03-16 14:13:46"	220	0	HEED12	4	2027-10-01	273500916307204436	GG	404	0	C	N	N	EUR	0		500320661	N	2025-10-01	Y
30	5	720445		2002605716150	"KLASSISK KARDA S GRÅ"	UTE02	"2026-03-16 14:13:46"	104	0	HEED12	4		273500916307204450	GG	404	0	C	N	N	EUR	0		500320661	N		Y
30	5	720465		2000561	"HUNDLEKSAK BUDDY MOUSE 21CM"	UTE02	"2026-03-16 14:13:46"	48	0	HEED12	4		273500916307204658	GG	404	0	C	N	N	EUR	0		500320661	N		Y
30	5	720473		2002594	"SELE-SET FINDUS SVART"	UTE02	"2026-03-16 14:13:46"	25	0	HEED12	4		273500916307204733	GG	404	0	C	N	N	EUR	0		500320661	N		Y
30	5	720472		2002632	"HUNDLEKSAK TUFF KROKODIL"	UTE02	"2026-03-16 14:13:46"	21	0	HEED12	4		273500916307204726	GG	404	0	C	N	N	EUR	0		500320661	N		Y
30	5	720469		2002593	"MATTA TILL KATTLÅDA TASS 40x30CM"	UTE02	"2026-03-16 14:13:46"	48	0	HEED12	4		273500916307204696	GG	404	0	C	N	N	EUR	0		500320661	N		Y
30	5	720468		2002595	"SELE-SET FINDUS ROSA"	UTE02	"2026-03-16 14:13:46"	20	0	HEED12	4		273500916307204689	GG	404	0	C	N	N	EUR	0		500320661	N		Y
30	5	720476		2002596	"SELE-SET FINDUS TURKOS"	UTE02	"2026-03-16 14:13:46"	15	0	HEED12	4		273500916307204764	GG	404	0	C	N	N	EUR	0		500320661	N		Y
30	5	720350		2000573	"HUNDLEKSAK REP M 5 KNUTAR 59CM"	UTE04	"2026-03-16 13:55:22"	72	0	HEED12	4		273500916307203507	GG	404	0	C	N	N	EUR	0		500320661	N		Y
30	5	720380		2002628	"HUNDLEKSAK TVÄTTBJÖRN"	UTE04	"2026-03-16 13:55:22"	32	0	HEED12	4		273500916307203804	GG	404	0	C	N	N	EUR	0		500320661	N		Y
30	5	720378		2002630	"HUNDLEKSAK ELEFANT"	UTE04	"2026-03-16 13:55:22"	24	0	HEED12	4		273500916307203781	GG	404	0	C	N	N	EUR	0		500320661	N		Y
30	5	720364		2002589	"KATTLEKSAK SPÖ BAND"	UTE04	"2026-03-16 13:55:22"	90	0	HEED12	4		273500916307203644	GG	404	0	C	N	N	EUR	0		500320661	N		Y
30	5	720354		2000562	"HUNDLEKSAK COZY ALPACA"	UTE04	"2026-03-16 13:55:21"	27	0	HEED12	4		273500916307203545	GG	404	0	C	N	N	EUR	0		500320661	N		Y
30	5	720269		200004431	"SPIK 77772 TESA SJÄLVHÄFTANDE TAPET/PUTS 0,5KG 2ST"	UTE09	"2026-03-16 13:51:49"	8	0	NUUR54	4		273500916307202692	MG	JKP	0	C	N	N	EUR			999111062	N		Y
30	5	720237		200003848	"BYGG-OCH SKYDDSTEJP 67001 TESA 6V UV GUL RÄFFLAD 50MM 33M"	UTE09	"2026-03-16 13:51:49"	108	0	NUUR54	4		273500916307202371	MG	JKP	0	C	N	N	EUR			999111062	N		Y
30	5	720268		200000703	"SPIK 77776 TESA SJÄLVHÄFTANDE TAPET/PUTS 2KG 2ST"	UTE09	"2026-03-16 13:51:49"	8	0	NUUR54	4		273500916307202685	MG	JKP	0	C	N	N	EUR			999111062	N		Y
30	5	720264		200005277	"SPIK 77764 TESA SJÄLVHÄFTANDE JUSTERB KAKEL/METALL 3KG 2ST"	UTE09	"2026-03-16 13:51:49"	8	0	NUUR54	4		273500916307202647	MG	JKP	0	C	N	N	EUR			999111062	N		Y
30	5	720254		200003148	"SPIK 77762 TESA SJÄLVHÄFTANDE KAKEL/METALL 2KG 2ST"	UTE09	"2026-03-16 13:51:49"	8	0	NUUR54	4		273500916307202548	MG	JKP	0	C	N	N	EUR			999111062	N		Y
30	5	720074		200326450	"VÄVTEJP EXTRA POWER 56388 TESA UNIVERSAL VIT 50MM 25M"	UTE09	"2026-03-16 13:51:49"	6	0	NUUR54	4		273500916307200742	MG	JKP	0	C	N	N	EUR			999111062	N		Y
30	5	720072		200007465	"PACKTEJP ULTRA STRONG 57174 TESA TRANSPARENT 38MM 66M"	UTE09	"2026-03-16 13:51:48"	8	0	NUUR54	4		273500916307200728	MG	JKP	0	C	N	N	EUR			999111062	N		Y
30	5	720069		200002045	"TÄTNINGSLIST E-LIST EPDM 5463 TESA VIT 6MX9MMX4MM"	UTE09	"2026-03-16 13:51:48"	50	0	NUUR54	4		273500916307200698	MG	JKP	0	C	N	N	EUR			999111062	N		Y
30	5	720098		200000945	"SKRUV 77775 TESA SJÄLVHÄFTNADE JUSTERBAR TAPET/PUTS 1KG 2ST"	UTE09	"2026-03-16 13:51:48"	6	0	NUUR54	4		273500916307200988	MG	JKP	0	C	N	N	EUR			999111062	N		Y
30	5	720240		200680430	"KARDBORRBAND TESA SJÄLVHÄFTANDE SVART 20MM 1M"	UTE09	"2026-03-16 13:51:48"	6	0	NUUR54	4		273500916307202401	MG	JKP	0	C	N	N	EUR			999111062	N		Y
30	5	720096		200002474	"SPIK 77777 TESA SJÄLVHÄFTANDE JUSTERBAR TAPET/PUTS 2KG 2ST"	UTE09	"2026-03-16 13:51:48"	128	0	NUUR54	4		273500916307200964	MG	JKP	0	C	N	N	EUR			999111062	N		Y
30	5	720078		200883810	"MASKERINGSTEJP 4460 TESA 2IN1 PRECISION 30MM 25M"	UTE09	"2026-03-16 13:51:48"	30	0	NUUR54	4		273500916307200780	MG	JKP	0	C	N	N	EUR			999111062	N		Y
30	5	720075		200002795	"MASKERINGSTEJP 4348 7 DAGAR 50MX19MM"	UTE09	"2026-03-16 13:51:48"	64	0	NUUR54	4		273500916307200759	MG	JKP	0	C	N	N	EUR			999111062	N		Y
30	5	720315		200216257	"PAELLAPANNA KALLVALSAD 40CM"	UTE09	"2026-03-16 13:51:48"	2	0	NUUR54	4		273500916307203156	MG	JKP	0	C	N	N	EUR	0		999111201	N		Y
30	5	720327		200005629	"DISPENSER EASY COVER S/M"	UTE09	"2026-03-16 13:51:48"	48	0	NUUR54	4		273500916307203279	MG	JKP	0	C	N	N	EUR			999111062	N		Y
30	5	720272		200000655	"MASKERINGSFOLIE EASY COVER UV PRECISION TESA 17MX2600MM"	UTE09	"2026-03-16 13:51:48"	96	0	NUUR54	4		273500916307202722	MG	JKP	0	C	N	N	EUR			999111062	N		Y
30	5	720310		200002870	"VÄVTEJP 4663 TESA EXTRA STARK GRÅ 50MX48MM"	UTE09	"2026-03-16 13:51:48"	24	0	NUUR54	4		273500916307203101	MG	JKP	0	C	N	N	EUR			999111062	N		Y
30	5	720306		200367672	"ISOLERINGSTEJP 53988 TESA BLÅ 19MM 20M"	UTE09	"2026-03-16 13:51:47"	10	0	NUUR54	4		273500916307203064	MG	JKP	0	C	N	N	EUR			999111062	N		Y
30	5	720303		200002163	"PACKTEJP 5044 TESA STARK TRANSPARENT 50MM 66M"	UTE09	"2026-03-16 13:51:47"	6	0	NUUR54	4		273500916307203033	MG	JKP	0	C	N	N	EUR			999111062	N		Y
30	5	720301		200007471	"MATTEJP EXTRA STARK 5686 TESA 50MM 10M"	UTE09	"2026-03-16 13:51:47"	6	0	NUUR54	4		273500916307203019	MG	JKP	0	C	N	N	EUR			999111062	N		Y
30	5	720299		200003403	"MATTEJP AVTAGBAR 55731 TESA 50MM 10M"	UTE09	"2026-03-16 13:51:46"	6	0	NUUR54	4		273500916307202999	MG	JKP	0	C	N	N	EUR			999111062	N		Y
30	5	720357		1267201	"TOMATGÖDSEL GG KRAV 0 9KG"		"2026-03-16 13:47:09"	600	0	EMAN10	4		273500916307203576	GG	404	0	C	N	N	EUR	0		500272026	N		N
20	5	720356		200223869	"WC-BESLAG 91682 P MÄSS"		"2026-03-16 13:47:04"	5	0	MOAE93	4		273500916307203569	MG	JKP	0	C	N	N	EUR	0		999111201	N		Y
30	5	720322		2002588	"KATTLEKSAK SPÖ FRANSBOLL"	UTE04	"2026-03-16 13:43:51"	60	0	HEED12	4		273500916307203224	GG	404	0	C	N	N	EUR	0		500320661	N		Y
30	5	720252		2002605717150	"KLASSISK KARDA M GRÅ"	UTE04	"2026-03-16 13:43:51"	56	0	HEED12	4		273500916307202524	GG	404	0	C	N	N	EUR	0		500320661	N		Y
30	5	720245		2002592	"KATTLEKSAK VIBRERANDE SKÖLDPADDA"	UTE04	"2026-03-16 13:43:51"	18	0	HEED12	4		273500916307202456	GG	404	0	C	N	N	EUR	0		500320661	N		Y
30	5	720243		2000559	"HUNDLEKSAK LAMBE PRASSEL"	UTE04	"2026-03-16 13:43:51"	51	0	HEED12	4		273500916307202432	GG	404	0	C	N	N	EUR	0		500320661	N		Y
30	5	720242		2000495	"TUGGRULLE PRESS VIT 12,5CM"	UTE04	"2026-03-16 13:43:51"	350	0	HEED12	4	2028-09-20	273500916307202425	GG	404	0	C	N	N	EUR	0		500320661	N	2025-09-21	Y
30	5	720329		2002631	"HUNDLEKSAK KOALA"	UTE04	"2026-03-16 13:42:33"	33	0	HEED12	4		273500916307203293	GG	404	0	C	N	N	EUR	0		500320661	N		Y
30	5	720331		2000528163200	"KANALKOPPEL VERA 5 M SVART"	UTE04	"2026-03-16 13:42:33"	35	0	HEED12	4		273500916307203316	GG	404	0	C	N	N	EUR	0		500320661	N		Y
30	5	720330		2002587	"KATTLEKSAK SPÖ + MUS"	UTE04	"2026-03-16 13:42:33"	6	0	HEED12	4		273500916307203309	GG	404	0	C	N	N	EUR	0		500320661	N		Y
30	5	720332		2000574	"FLOSSTUGG DUBBELT 45CM"	UTE04	"2026-03-16 13:42:33"	24	0	HEED12	4		273500916307203323	GG	404	0	C	N	N	EUR	0		500320661	N		Y
30	5	720302		200224491	"KROK 3940 VIT 43MM 2ST"	UTE09	"2026-03-16 13:39:30"	5	0	MOAE93	4		273500916307203026	MG	JKP	0	C	N	N	EUR	0		999111201	N		Y
30	5	720317		200224048	"DÖRRHANDTAG MARBELLA B KROM MED NYCKELSKYLT SB"	UTE09	"2026-03-16 13:39:30"	12	0	MOAE93	4		273500916307203170	MG	JKP	0	C	N	N	EUR	0		999111201	N		Y
30	5	719916		200352312	"HÄFTKLAMMER 140/10 86100302"	UTE09	"2026-03-16 13:39:30"	200	0	MOAE93	4		273500916307199169	MG	JKP	0	C	N	N	EUR	0		999111139	N		Y
30	5	719899		200871748	"HÄFTHAMMARE RAPID R311"	UTE09	"2026-03-16 13:39:30"	18	0	MOAE93	4		273500916307198995	MG	JKP	0	C	N	N	EUR	0		999111139	N		Y
30	5	720313		200216542	"LEDSTÅNGSKROK 87 NICKEL"	UTE09	"2026-03-16 13:39:30"	50	0	MOAE93	4		273500916307203132	MG	JKP	0	C	N	N	EUR	0		999111201	N		Y
30	5	720300		200224372	"KONSOL 167 FURU 250MM"	UTE09	"2026-03-16 13:39:30"	4	0	MOAE93	4		273500916307203002	MG	JKP	0	C	N	N	EUR	0		999111201	N		Y
30	5	720271		200221341	"STEGBAND 1518-5 VIT 300CM"	UTE09	"2026-03-16 13:39:30"	20	0	MOAE93	4		273500916307202715	MG	JKP	0	C	N	N	EUR	0		999111201	N		Y
30	5	720326		200215713	"BRYTSKYDD 124 RF 280MM"	UTE09	"2026-03-16 13:39:30"	1	0	MOAE93	4		273500916307203262	MG	JKP	0	C	N	N	EUR	0		999111201	N		Y
30	5	720255		200216473	"TALLRIKSVENTIL 85 ALU 100X100/125X125MM"	UTE09	"2026-03-16 13:39:30"	1	0	MOAE93	4		273500916307202555	MG	JKP	0	C	N	N	EUR	0		999111201	N		Y
30	5	720258		200223946	"VENTILGALLER 33 MUSSÄKER EFZ 125X125MM"	UTE09	"2026-03-16 13:39:30"	2	0	MOAE93	4		273500916307202586	MG	JKP	0	C	N	N	EUR	0		999111201	N		Y
30	5	719888		700175699	"SLIDKNIV ROBUST DISPLAY"	UTE09	"2026-03-16 13:39:30"	30	0	MOAE93	4		273500916307198889	MG	JKP	0	C	N	N	EUR	0		999111139	N		Y
30	5	719887		200369747	"HÄFTPISTOL HARDEN 6MM OCH 8MM"	UTE09	"2026-03-16 13:39:30"	6	0	MOAE93	4		273500916307198872	MG	JKP	0	C	N	N	EUR	0		999111139	N		Y
30	5	719885		200014576	"CENTRERINGSDON MAGNET 800 XL"	UTE09	"2026-03-16 13:39:30"	9	0	MOAE93	4		273500916307198858	MG	JKP	0	C	N	N	EUR	0		999111139	N		Y
30	5	720311		700324593	"DÖRRHÄNGARE BONNY 4-KROK VIT/KROM"	UTE09	"2026-03-16 13:39:30"	1	0	MOAE93	4		273500916307203118	MG	JKP	0	C	N	N	EUR	0		999111201	N		Y
30	5	720270		200224239	"DÖRRHANDTAG PORTO SVART ALU MED NYCKELSKYLT PP"	UTE09	"2026-03-16 13:39:30"	5	0	MOAE93	4		273500916307202708	MG	JKP	0	C	N	N	EUR	0		999111201	N		Y
30	5	720260		200214748	"YTTERDÖRRSATS A2560 KROM"	UTE09	"2026-03-16 13:39:30"	1	0	MOAE93	4		273500916307202609	MG	JKP	0	C	N	N	EUR	0		999111201	N		Y
30	5	720256		700323340	"HÖRNDUSCHKORG LANTANA 2-PLAN KROM 305X275MM"	UTE09	"2026-03-16 13:39:30"	3	0	MOAE93	4		273500916307202562	MG	JKP	0	C	N	N	EUR	0		999111201	N		Y
30	5	719879		200839043	"SKYLT UNIGRAPHICS UTRYM PIL NED/GUBBE EFTERLY ALU 297X105"	UTE09	"2026-03-16 13:39:30"	6	0	MOAE93	4		273500916307198797	MG	JKP	0	C	N	N	EUR	0		999111139	N		Y
30	5	719858		200331318	"HÄFTKLAMMER 140/10 PP-BOX"	UTE09	"2026-03-16 13:39:30"	30	0	MOAE93	4		273500916307198582	MG	JKP	0	C	N	N	EUR	0		999111139	N		Y
30	5	719847		700165506	"HANDTAG FÖR BÅGFILSBLAD"	UTE09	"2026-03-16 13:39:30"	8	0	MOAE93	4		273500916307198476	MG	JKP	0	C	N	N	EUR	0		999111139	N		Y
30	5	719845		700171572	"MÅTTBAND 5 METER MM"	UTE09	"2026-03-16 13:39:29"	5	0	MOAE93	4		273500916307198452	MG	JKP	0	C	N	N	EUR	0		999111139	N		Y
30	5	719751		200839020	"SKYLT UNIGRAPHICS ÅTERSAMLINGS PLATS ALUMINIUM 297X420MM"	UTE09	"2026-03-16 13:39:29"	2	0	MOAE93	4		273500916307197516	MG	JKP	0	C	N	N	EUR	0		999111139	N		Y
30	5	719883		200868528	"DYCKERT RAPID 9/15MM"	UTE09	"2026-03-16 13:39:29"	5	0	MOAE93	4		273500916307198834	MG	JKP	0	C	N	N	EUR	0		999111139	N		Y
30	5	719881		700165560	"POLYGRIPTÅNG 250MM 481-10"	UTE09	"2026-03-16 13:39:29"	6	0	MOAE93	4		273500916307198810	MG	JKP	0	C	N	N	EUR	0		999111139	N		Y
30	5	719880		200362687	"HÄFTKLAMMER 140/12 86100369"	UTE09	"2026-03-16 13:39:29"	28	0	MOAE93	4		273500916307198803	MG	JKP	0	C	N	N	EUR	0		999111139	N		Y
30	5	720047		2000518	"TUGGPINNAR HJORT 2-P M 20CM"	UTE04	"2026-03-16 13:20:00"	160	0	HEED12	4	2027-10-01	273500916307200476	GG	404	0	C	N	N	EUR	0		500320661	N	2025-10-01	Y
30	5	720101		2000572	"HUNDLEKSAK REP M 4 KNUTAR 44CM"	UTE04	"2026-03-16 13:19:59"	30	0	HEED12	4		273500916307201015	GG	404	0	C	N	N	EUR	0		500320661	N		Y
30	5	720097		2000558	"HUNDLEKSAK RABBE PRASSEL"	UTE04	"2026-03-16 13:19:59"	78	0	HEED12	4		273500916307200971	GG	404	0	C	N	N	EUR	0		500320661	N		Y
30	5	720259		2002598231150	"MATSKÅL ALVA SLOW FEED 500 ML GRÅ"	UTE04	"2026-03-16 13:19:59"	16	0	HEED12	4		273500916307202593	GG	404	0	C	N	N	EUR	0		500320661	N		Y
30	5	720257		2000569	"HUNDLEKSAK XL TENNISBOLL M REP"	UTE04	"2026-03-16 13:19:59"	135	0	HEED12	4		273500916307202579	GG	404	0	C	N	N	EUR	0		500320661	N		Y
30	5	704456		1163434	"RINGISOLATOR KOMBI SVART 100ST"	UTE05	"2026-03-16 13:11:58"	96	48	WILL32	4		273500916307044568	GG	404	0	C	N	N	EUR	0		500299371	N		Y
30	5	720220		2003648	"FLUGPAPPER TRAP/STALLET 8 ST"		"2026-03-16 12:52:15"	20	0	CLAR16	4		273500916307202203	GG	404	0	C	N	N	EUR	0		500319947	N		N
30	5	720212		2003646	"FLUGFÄLLA FÖNSTER DISKRET 2-PACK"		"2026-03-16 12:44:29"	1296	0	CLAR16	4		273500916307202128	GG	404	0	C	N	N	EUR	0		500319947	N		N
30	5	720206		2003647	"LOCKMEDEL FLUGA OCH GETTING"		"2026-03-16 12:39:38"	672	0	CLAR16	4		273500916307202067	GG	404	0	C	N	N	EUR	0		500319947	N		N
30	5	720205		2003649	"FLUGPAPPER TRAP/STALLET 12 ST"		"2026-03-16 12:38:14"	900	0	CLAR16	4		273500916307202050	GG	404	0	C	N	N	EUR	0		500319947	N		N
30	5	720198		2003645	"FLUGFÄLLA TOWER"		"2026-03-16 12:30:54"	1104	0	CLAR16	4		273500916307201985	GG	404	0	C	N	N	EUR	0		500319947	N		N
30	5	720195		2003644	"FLUGFÅNGARE SPIRALEN 4-PACK"		"2026-03-16 12:26:19"	2520	0	CLAR16	4		273500916307201954	GG	404	0	C	N	N	EUR	0		500319947	N		N
30	5	720180		700315489	"UNDERLAGSDUK HALOTEN PRO 25X1M 25X1M"		"2026-03-16 11:58:57"	24	0	ALIC77	4		273500916307201800	MG	JKP	0	C	N	N	EUR	0		999111135	N		N
30	5	720120		1186416	"HÄSTFODER GG ORIGINAL PELLETS 20KG."		"2026-03-16 11:48:51"	24	0	ISAK02	4	2026-08-26	273500916307201206	GG	404	0	C	N	N	EUR	0		500310647	N	2026-02-27	N
30	5	720118		1186416	"HÄSTFODER GG ORIGINAL PELLETS 20KG."		"2026-03-16 11:48:51"	24	0	ISAK02	4	2026-08-26	273500916307201183	GG	404	0	C	N	N	EUR	0		500310647	N	2026-02-27	N
30	5	720076		2000508	"TUGGPINNAR M KYCKLING 6-P 12CM"	UTE04	"2026-03-16 11:44:50"	160	0	HEED12	4	2028-11-10	273500916307200766	GG	404	0	C	N	N	EUR	0		500320661	N	2025-11-11	Y
30	5	720073		2002610	"KAM MEDIUM"	UTE04	"2026-03-16 11:44:50"	12	0	HEED12	4		273500916307200735	GG	404	0	C	N	N	EUR	0		500320661	N		Y
30	5	720048		2002613	"KAM UTREDNING"	UTE04	"2026-03-16 11:44:50"	32	0	HEED12	4		273500916307200483	GG	404	0	C	N	N	EUR	0		500320661	N		Y
30	5	720095		2000611	"KATTHALSBAND RIFFE LÅNGHÅR GUL"	UTE04	"2026-03-16 11:44:50"	40	0	HEED12	4		273500916307200957	GG	404	0	C	N	N	EUR	0		500320661	N		Y
30	5	720071		2002612	"KAM ROTERANDE"	UTE04	"2026-03-16 11:44:50"	4	0	HEED12	4		273500916307200711	GG	404	0	C	N	N	EUR	0		500320661	N		Y
30	5	720093		2000552	"KATTHALSBAND SIRI SVART 25-30CM"	UTE04	"2026-03-16 11:44:50"	20	0	HEED12	4		273500916307200933	GG	404	0	C	N	N	EUR	0		500320661	N		Y
30	5	720092		2000509	"TUGGPINNAR MED LAMM 5-P 12,5CM"	UTE04	"2026-03-16 11:44:48"	170	0	HEED12	4	2028-06-10	273500916307200926	GG	404	0	C	N	N	EUR	0		500320661	N	2025-06-11	Y
30	5	719933		2000467	"LÄTTSTRÖ HAMPA 10KG"		"2026-03-16 11:06:45"	18	0	ISAK02	4		273500916307199336	GG	404	0	C	N	N	EUR	0		500320028	N		N
30	5	719886		200920434	"UNDERHÅLLSTVÄTT 5L KVARTSPALL EXPOARTIKEL"		"2026-03-16 10:45:03"	2	0	SAND18	4		273500916307198865	MG	JKP	0	C	N	N	EUR	0		999111130	N		N
30	5	719852		2000563	"HUNDLEKSAK COZY BOAR"	UTE04	"2026-03-16 10:38:51"	132	0	HEED12	4		273500916307198520	GG	404	0	C	N	N	EUR	0		500320661	N		Y
30	5	719577		2000532719135	"JUST. HALSBAND IRIS XL ORANGE"	UTE03	"2026-03-16 10:33:05"	20	0	HEED12	4		273500916307195772	GG	404	0	C	N	N	EUR	0		500320661	N		Y
30	5	719650		2002624	"SAX EFFILERING"	UTE03	"2026-03-16 10:33:05"	16	0	HEED12	4		273500916307196502	GG	404	0	C	N	N	EUR	0		500320661	N		Y
30	5	719647		2002618	"KLOTÅNG MINI"	UTE03	"2026-03-16 10:33:05"	60	0	HEED12	4		273500916307196472	GG	404	0	C	N	N	EUR	0		500320661	N		Y
30	5	719582		2003218	"KATTLEKSAK KICKER GRÅ 8X38CM"	UTE03	"2026-03-16 10:33:05"	24	0	HEED12	4		273500916307195826	GG	404	0	C	N	N	EUR	0		500320661	N		Y
30	5	719585		2002583	"DOGMAN ÖRONRENGÖRING 50ML"	UTE03	"2026-03-16 10:33:05"	36	0	HEED12	4	2028-05-13	273500916307195857	GG	404	0	C	N	N	EUR	0		500320661	N	2025-05-14	Y
30	5	719597		2000549166888	"MATSKÅL ROSTFRI HEAVY 0,33 L -"	UTE03	"2026-03-16 10:33:04"	20	0	HEED12	4		273500916307195970	GG	404	0	C	N	N	EUR	0		500320661	N		Y
30	5	719609		2000549168888	"MATSKÅL ROSTFRI HEAVY 0,45 L -"	UTE03	"2026-03-16 10:33:04"	80	0	HEED12	4		273500916307196090	GG	404	0	C	N	N	EUR	0		500320661	N		Y
30	5	719632		2002584	"DOGMAN ÖGONRENGÖRING 50ML"	UTE03	"2026-03-16 10:33:04"	30	0	HEED12	4	2028-01-09	273500916307196328	GG	404	0	C	N	N	EUR	0		500320661	N	2025-01-09	Y
30	5	719573		2000550	"KATTHALSBAND RIFFE GUL"	UTE03	"2026-03-16 10:33:04"	10	0	HEED12	4		273500916307195734	GG	404	0	C	N	N	EUR	0		500320661	N		Y
30	5	719569		2000529162200	"ANTISLIP-KOPPEL IRIS 180 CM SVART"	UTE03	"2026-03-16 10:33:04"	5	0	HEED12	4		273500916307195697	GG	404	0	C	N	N	EUR	0		500320661	N		Y
30	5	719568		2000527276135	"KOPPEL IRIS 25 MM ORANGE"	UTE03	"2026-03-16 10:33:04"	15	0	HEED12	4		273500916307195680	GG	404	0	C	N	N	EUR	0		500320661	N		Y
30	5	719562		2003220	"KLOTÅNG LARGE"	UTE03	"2026-03-16 10:33:04"	16	0	HEED12	4		273500916307195628	GG	404	0	C	N	N	EUR	0		500320661	N		Y
30	5	719558		2000532716135	"JUST. HALSBAND IRIS S ORANGE"	UTE03	"2026-03-16 10:33:04"	50	0	HEED12	4		273500916307195581	GG	404	0	C	N	N	EUR	0		500320661	N		Y
30	5	719633		2002621	"BLODSTOPP 14G"	UTE03	"2026-03-16 10:33:04"	36	0	HEED12	4		273500916307196335	GG	404	0	C	N	N	EUR	0		500320661	N		Y
30	5	719640		2002619	"KLOTÅNG MEDIUM"	UTE03	"2026-03-16 10:33:04"	52	0	HEED12	4		273500916307196403	GG	404	0	C	N	N	EUR	0		500320661	N		Y
30	5	719641		2002604	"MATSKÅL MASON CASH SMOKEY 16x13CM"	UTE03	"2026-03-16 10:33:04"	6	0	HEED12	4		273500916307196410	GG	404	0	C	N	N	EUR	0		500320661	N		Y
30	5	719638		2002623	"SAX RUNDAD"	UTE03	"2026-03-16 10:33:04"	36	0	HEED12	4		273500916307196380	GG	404	0	C	N	N	EUR	0		500320661	N		Y
30	5	719718		2002556	"MIDJEBÄLTE EMMI SVART"	UTE03	"2026-03-16 10:33:04"	5	0	HEED12	4		273500916307197189	GG	404	0	C	N	N	EUR	0		500320661	N		Y
30	5	719705		2000528162200	"KANALKOPPEL VERA 180 CM SVART"	UTE03	"2026-03-16 10:33:04"	30	0	HEED12	4		273500916307197059	GG	404	0	C	N	N	EUR	0		500320661	N		Y
30	5	719704		2000529300200	"ANTISLIP-KOPPEL IRIS 3 M SVART"	UTE03	"2026-03-16 10:33:04"	30	0	HEED12	4		273500916307197042	GG	404	0	C	N	N	EUR	0		500320661	N		Y
30	5	719706		2000525741200	"KOPPEL IRIS 10 MM SVART"	UTE03	"2026-03-16 10:33:04"	25	0	HEED12	4		273500916307197066	GG	404	0	C	N	N	EUR	0		500320661	N		Y
30	5	719740		2000530718200	"JUST. HALSBAND IRIS L SVART"	UTE03	"2026-03-16 10:33:04"	25	0	HEED12	4		273500916307197400	GG	404	0	C	N	N	EUR	0		500320661	N		Y
30	5	719743		2000547716170	"JUST. HALSB IRIS S TURKOS"	UTE03	"2026-03-16 10:33:04"	15	0	HEED12	4		273500916307197431	GG	404	0	C	N	N	EUR	0		500320661	N		Y
30	5	719727		2002633422220	"HALSKRAGE STÄLLBAR 10 CM TRANSPARENT"	UTE03	"2026-03-16 10:33:04"	6	0	HEED12	4		273500916307197271	GG	404	0	C	N	N	EUR	0		500320661	N		Y
30	5	719702		2002586	"KATTLEKSAK SPÖ MED SVANSAR"	UTE03	"2026-03-16 10:33:04"	24	0	HEED12	4		273500916307197028	GG	404	0	C	N	N	EUR	0		500320661	N		Y
30	5	719700		2002591	"KATTLEKSAK UPPDRAGBAR KYCKLING"	UTE03	"2026-03-16 10:33:04"	12	0	HEED12	4		273500916307197004	GG	404	0	C	N	N	EUR	0		500320661	N		Y
30	5	719698		2003205749110	"TRÄNINGSLEKSAK KAMPTRASA 35 CM BRUN"	UTE03	"2026-03-16 10:33:04"	5	0	HEED12	4		273500916307196984	GG	404	0	C	N	N	EUR	0		500320661	N		Y
30	5	719715		2000549169888	"MATSKÅL ROSTFRI HEAVY 0,80 L -"	UTE03	"2026-03-16 10:33:04"	130	0	HEED12	4		273500916307197158	GG	404	0	C	N	N	EUR	0		500320661	N		Y
30	5	719750		2002597	"SELE-SET FINDUS LILA"	UTE03	"2026-03-16 10:33:04"	10	0	HEED12	4		273500916307197509	GG	404	0	C	N	N	EUR	0		500320661	N		Y
30	5	719830		2000530716200	"JUST. HALSBAND IRIS S SVART"	UTE03	"2026-03-16 10:33:04"	5	0	HEED12	4		273500916307198308	GG	404	0	C	N	N	EUR	0		500320661	N		Y
30	5	719695		2002582	"SPÅRLINA IRIS VÄVD 15M ORANGE"	UTE03	"2026-03-16 10:33:04"	5	0	HEED12	4		273500916307196953	GG	404	0	C	N	N	EUR	0		500320661	N		Y
30	5	719831		700307381	"SHINGEL NORDIC SVART"		"2026-03-16 10:31:49"	42	0	SAND18	4		273500916307198315	MG	JKP	0	C	N	N	EUR	0		999111137	N		N
30	5	719719		2000489	"TUGGBEN PRESSAD 13CM"	UTE03	"2026-03-16 10:24:31"	440	0	HEED12	4	2028-12-18	273500916307197196	GG	404	0	C	N	N	EUR	0		500320661	N	2025-12-19	Y
30	5	719701		2000570	"HUNDLEKSAK REPRING 16CM"	UTE03	"2026-03-16 10:24:31"	18	0	HEED12	4		273500916307197011	GG	404	0	C	N	N	EUR	0		500320661	N		Y
30	5	719734		1244128	"KOPPEL FLEXI NEW NEON BAND L 5M"	UTE03	"2026-03-16 10:24:31"	24	0	HEED12	4		273500916307197349	GG	404	0	C	N	N	EUR	0		500320661	N		Y
30	5	719733		1236856	"KOPPEL FLEXI NEW NEON BAND S 5M."	UTE03	"2026-03-16 10:24:31"	24	0	HEED12	4		273500916307197332	GG	404	0	C	N	N	EUR	0		500320661	N		Y
30	5	719731		2002633748220	"HALSKRAGE STÄLLBAR 30 CM TRANSPARENT"		"2026-03-16 10:21:11"	18	0	HEED12	4		273500916307197318	GG	404	0	C	N	N	EUR	0		500320661	N		N
30	5	719729		2002633747220	"HALSKRAGE STÄLLBAR 25 CM TRANSPARENT"		"2026-03-16 10:19:16"	12	0	HEED12	4		273500916307197295	GG	404	0	C	N	N	EUR	0		500320661	N		N
30	5	719720		2000493	"TUGGRULLE HEAVENLY 15-17,5CM KYCK"	UTE03	"2026-03-16 10:14:25"	329	0	HEED12	4	2029-09-01	273500916307197202	GG	404	0	C	N	N	EUR	0		500320661	N	2026-09-02	Y
30	5	719713		2000504	"TUGGRING VIT 7,5CM"	UTE03	"2026-03-16 10:14:24"	350	0	HEED12	4	2028-05-10	273500916307197134	GG	404	0	C	N	N	EUR	0		500320661	N	2025-05-11	Y
20	5	719694		2002574716200	"CANVASBUR MILOU S SVART"		"2026-03-16 09:54:15"	6	0	HEED12	4		273500916307196946	GG	404	0	C	N	N	EUR	0		500320661	N		Y
30	5	719682		2002574717200	"CANVASBUR MILOU M SVART"		"2026-03-16 09:53:10"	5	0	HEED12	4		273500916307196823	GG	404	0	C	N	N	EUR	0		500320661	N		N
30	5	719644		2000514	"TORKAT OXBEN MÄRGPIPA OX CA 500G"	UTE03	"2026-03-16 09:49:35"	80	0	HEED12	4	2028-02-10	273500916307196441	GG	404	0	C	N	N	EUR	0		500320661	N	2026-02-10	Y
30	5	719607		2000505	"TUGGRING VIT 12,5CM OPACKAD"	UTE03	"2026-03-16 09:49:35"	400	0	HEED12	4	2028-05-30	273500916307196076	GG	404	0	C	N	N	EUR	0		500320661	N	2025-05-31	Y
30	5	719659		2000512	"TORKAT BOGBLAD GRIS CA 150G"	UTE03	"2026-03-16 09:48:11"	140	0	HEED12	4	2028-01-13	273500916307196595	GG	404	0	C	N	N	EUR	0		500320661	N	2026-01-13	Y
30	5	719662		2000513	"TORKAT KÖTTBEN GRIS SVENSKAT CA 250G"	UTE03	"2026-03-16 09:47:36"	400	0	HEED12	4	2028-02-10	273500916307196625	GG	404	0	C	N	N	EUR	0		500320661	N	2026-02-10	Y
30	5	719615		2000500	"TUGGBEN PRESSAT VIT 21,5CM"	UTE03	"2026-03-16 09:17:28"	600	0	HEED12	4	2028-05-10	273500916307196151	GG	404	0	C	N	N	EUR	0		500320661	N	2025-05-11	Y
20	5	689247		10009	"Autostore kartong"		"2026-03-16 08:45:51"	1	117	SEBA23	4		273500916306892474	GG	404	0	C	N	N	EUR			66360			N
20	5	689271		10009	"Autostore kartong"		"2026-03-16 08:41:23"	1	117	BRAH17	4		273500916306892719	GG	404	0	C	N	N	EUR			66384			N
30	5	719385		700176504	"STOLPSPJUT JOMA 2X73X73X750MM"		"2026-03-16 08:05:14"	364	0	NUUR54	4		273500916307193853	MG	JKP	0	C	N	N	EUR	0		999111061	N		N
35	5	719383		2003723240888	"SPOLARVÄTSKA T-BLÅ FB  -18 3 L -"		"2026-03-16 08:02:14"	192	0	CLAR16	4	2028-03-11	273500916307193839	GG	404	0	C	N	N	EUR	0		500319265	N	2026-03-12	N
30	5	719382		2003723240888	"SPOLARVÄTSKA T-BLÅ FB  -18 3 L -"		"2026-03-16 08:02:13"	192	0	EMAN10	4	2028-03-11	273500916307193822	GG	404	0	C	N	N	EUR	0		500319265	N	2026-03-12	N
30	5	719376		2003726248888	"KYLARVÄTSKA KONC R-GLYKOL 20 L -"		"2026-03-16 08:00:01"	19	0	EMAN10	4		273500916307193761	GG	404	0	C	N	N	EUR	0		500319265	N		N
30	5	719362		700176504	"STOLPSPJUT JOMA 2X73X73X750MM"		"2026-03-16 07:54:43"	364	0	NUUR54	4		273500916307193624	MG	JKP	0	C	N	N	EUR	0		999111061	N		N
30	5	719359		2003723240888	"SPOLARVÄTSKA T-BLÅ FB  -18 3 L -"		"2026-03-16 07:54:02"	192	0	EMAN10	4	2028-03-11	273500916307193594	GG	404	0	C	N	N	EUR	0		500319265	N	2026-03-12	N
30	5	719358		2003723240888	"SPOLARVÄTSKA T-BLÅ FB  -18 3 L -"		"2026-03-16 07:54:02"	192	0	EMAN10	4	2028-03-11	273500916307193587	GG	404	0	C	N	N	EUR	0		500319265	N	2026-03-12	N
30	5	719335		1235656	"FÅRFODER TACKA FÅRFOR 20KG"		"2026-03-16 07:44:30"	1	0	EMAN10	4	2026-10-31	273500916307193358	GG	404	0	C	N	N	EUR	0		500316877	N	2026-03-05	N
30	5	719334		1235656	"FÅRFODER TACKA FÅRFOR 20KG"		"2026-03-16 07:44:22"	29	0	EMAN10	4	2026-10-31	273500916307193341	GG	404	0	C	N	N	EUR	0		500316877	N	2026-03-05	N
20	5	719291		1232724	"B-VITAMIN FLYTANDE KRAFFT 1L"		"2026-03-16 07:29:31"	84	0	EMAN10	4	2027-03-03	273500916307192917	GG	404	0	C	N	N	EUR	0		500316877	N	2026-03-08	Y
20	5	718108		1238886	"PAVO INSHAPE 15KG"		"2026-03-16 07:10:54"	36	"548,39"	ALEX87	4	2026-08-12	273500916307181089	GG	404	0	C	N	N	EUR	0		500304239	N	2026-01-09	N
20	5	719220		1238886	"PAVO INSHAPE 15KG"		"2026-03-16 06:52:21"	35	0	EMAN10	4	2026-08-12	273500916307192207	GG	404	0	C	N	N	EUR	0		69001			N
30	5	719219		1269287	"SOLID™ GRIPTÅNG/SKRÄPPLOCKARE"		"2026-03-16 06:50:07"	20	0	CLAR16	4		273500916307192191	GG	404	0	C	N	N	EUR	0		500319259	N		N
20	5	719218		1238878	"PAVO 18PLUS ORIGINAL 15KG"		"2026-03-16 06:48:01"	35	0	EMAN10	4	2026-08-13	273500916307192184	GG	404	0	C	N	N	EUR	0		69000			N
20	5	719216		1267309	"SEKATÖR PGX P961 SIDOSKÄR L XSERIES™"		"2026-03-16 06:34:07"	28	0	CLAR16	4		273500916307192160	GG	404	0	C	N	N	EUR	0		500319259	N		Y
30	5	719215		1266308	"GRENSAX L74 POWERGEAR SS"		"2026-03-16 06:32:14"	28	0	CLAR16	4		273500916307192153	GG	404	0	C	N	N	EUR	0		500319259	N		N
30	5	719212		1280078	"GODISBLANDNING LAKRIS 410G"		"2026-03-16 06:23:43"	84	0	CLAR16	4		273500916307192122	GG	404	0	C	N	N	EUR	0		500319918	N		N
20	5	719211		1249086	"MJAU FINA FISKEN 35GR."		"2026-03-16 06:14:56"	50	0	CLAR16	4	2027-01-15	273500916307192115	GG	404	0	C	N	N	EUR	0		500318958	N	2025-07-24	Y
30	5	719019		1249663	"MONSTER CAT ORG ADULT CHI/TUR 6KG"		"2026-03-13 15:39:12"	11	0	ISAK02	4	2027-04-28	273500916307190197	GG	404	0	C	N	N	EUR	0		500316878	N	2026-04-28	N
30	5	718850		200919918	"TÄCKFÄRG DEMIDEKK INFINITY KLASSISK VIT BAS 9L"		"2026-03-13 14:43:34"	44	0	FRAN66	4		273500916307188507	MG	JKP	0	C	N	N	EUR	0		999110770	N		N
30	5	718419		1230087	"MJÖLKERSÄTTNING GG KALV BAS 25KG"		"2026-03-13 12:09:31"	30	0	MALI14	4	2027-02-24	273500916307184196	GG	404	0	C	N	N	EUR	0		500309833	N	2026-02-24	N
30	5	718247		1221695	"TRÄSKAFT 24X1500 MM"		"2026-03-13 11:02:25"	1500	0	EMAN10	4		273500916307182475	GG	404	0	C	N	N	EUR	0		500284183	N		N
30	5	718246		1221695	"TRÄSKAFT 24X1500 MM"		"2026-03-13 11:02:25"	1500	0	EMAN10	4		273500916307182468	GG	404	0	C	N	N	EUR	0		500284183	N		N
30	5	718245		1221695	"TRÄSKAFT 24X1500 MM"		"2026-03-13 11:02:25"	1500	0	EMAN10	4		273500916307182451	GG	404	0	C	N	N	EUR	0		500284183	N		N
30	5	718244		1221695	"TRÄSKAFT 24X1500 MM"		"2026-03-13 11:02:25"	1500	0	EMAN10	4		273500916307182444	GG	404	0	C	N	N	EUR	0		500284183	N		N
30	5	718243		1221695	"TRÄSKAFT 24X1500 MM"		"2026-03-13 11:02:25"	1500	0	EMAN10	4		273500916307182437	GG	404	0	C	N	N	EUR	0		500284183	N		N
30	5	718242		1221695	"TRÄSKAFT 24X1500 MM"		"2026-03-13 11:02:25"	1500	0	EMAN10	4		273500916307182420	GG	404	0	C	N	N	EUR	0		500284183	N		N
20	5	718238		1221992	"SKURBORSTE LEVANG TRÄ NATURFIBER"		"2026-03-13 11:00:11"	840	0	EMAN10	4		273500916307182383	GG	404	0	C	N	N	EUR	0		500284183	N		Y
20	5	718237		1221992	"SKURBORSTE LEVANG TRÄ NATURFIBER"		"2026-03-13 11:00:11"	840	0	EMAN10	4		273500916307182376	GG	404	0	C	N	N	EUR	0		500284183	N		Y
20	5	718236		1221992	"SKURBORSTE LEVANG TRÄ NATURFIBER"		"2026-03-13 11:00:11"	840	0	EMAN10	4		273500916307182369	GG	404	0	C	N	N	EUR	0		500284183	N		Y
20	5	718235		1221992	"SKURBORSTE LEVANG TRÄ NATURFIBER"		"2026-03-13 11:00:11"	840	0	EMAN10	4		273500916307182352	GG	404	0	C	N	N	EUR	0		500284183	N		Y
20	5	718193		1261463	"SÄTTPOTATIS ASTERIX 3KG HÖST"		"2026-03-13 10:53:57"	5	0	MOAE93	4		273500916307181935	GG	404	0	C	N	N	EUR	0		500297356	N		Y
30	5	718187		2003635	"PAVO 18PLUS SENSITIVE 15KG"		"2026-03-13 10:41:46"	36	0	EMAN10	4	2026-07-08	273500916307181874	GG	404	0	C	N	N	EUR	0		500304239	N	2025-12-10	N
30	5	718127		1238880	"PAVO PERFORMANCE 20KG"		"2026-03-13 10:19:48"	28	0	EMAN10	4	2026-08-18	273500916307181270	GG	404	0	C	N	N	EUR	0		500304239	N	2026-01-15	N
30	5	718099		1238883	"PAVO SPEEDIBEET 15KG"		"2026-03-13 10:10:02"	28	0	EMAN10	4	2027-02-27	273500916307180990	GG	404	0	C	N	N	EUR	0		500304239	N	2026-02-02	N
30	5	717528		1243305	"KANINFODER RABBFOR PELLETS 20KG"		"2026-03-13 07:12:44"	30	0	LINU22	4	2026-11-06	273500916307175286	GG	404	0	C	N	N	EUR	0		500314990	N	2026-03-11	N
30	5	717453		1266323	"KVITT SPRAY MOT KRYPANDE INSEKTER"		"2026-03-12 18:21:17"	60	0	LINU22	4		273500916307174531	GG	404	0	C	N	N	EUR	0		500320655	N		N
30	5	717440		1164894	"NPK 21-4-7 25KG<"		"2026-03-12 17:28:29"	40	0	MALI14	4		273500916307174401	GG	404	0	C	N	N	SJÖ	0		500288518	N		N
30	5	717426		1164894	"NPK 21-4-7 25KG<"		"2026-03-12 17:28:29"	40	0	MALI14	4		273500916307174265	GG	404	0	C	N	N	SJÖ	0		500288518	N		N
30	5	717425		1164894	"NPK 21-4-7 25KG<"		"2026-03-12 17:28:29"	40	0	MALI14	4		273500916307174258	GG	404	0	C	N	N	SJÖ	0		500288518	N		N
30	5	717424		1164894	"NPK 21-4-7 25KG<"		"2026-03-12 17:28:29"	40	0	MALI14	4		273500916307174241	GG	404	0	C	N	N	SJÖ	0		500288518	N		N
30	5	717423		1164894	"NPK 21-4-7 25KG<"		"2026-03-12 17:28:29"	40	0	MALI14	4		273500916307174234	GG	404	0	C	N	N	SJÖ	0		500288518	N		N
30	5	717416		1164894	"NPK 21-4-7 25KG<"		"2026-03-12 17:28:29"	40	0	MALI14	4		273500916307174166	GG	404	0	C	N	N	SJÖ	0		500288518	N		N
30	5	717410		1164894	"NPK 21-4-7 25KG<"		"2026-03-12 17:28:29"	40	0	MALI14	4		273500916307174104	GG	404	0	C	N	N	SJÖ	0		500288518	N		N
30	5	717409		1164894	"NPK 21-4-7 25KG<"		"2026-03-12 17:28:29"	40	0	MALI14	4		273500916307174098	GG	404	0	C	N	N	SJÖ	0		500288518	N		N
30	5	717408		1164894	"NPK 21-4-7 25KG<"		"2026-03-12 17:28:28"	40	0	MALI14	4		273500916307174081	GG	404	0	C	N	N	SJÖ	0		500288518	N		N
30	5	717407		1164894	"NPK 21-4-7 25KG<"		"2026-03-12 17:28:28"	40	0	MALI14	4		273500916307174074	GG	404	0	C	N	N	SJÖ	0		500288518	N		N
30	5	717378		1165825	"HÄSTGODIS DELIZIA ÄPPLE 3KG"		"2026-03-12 15:51:01"	90	0	CLAR16	4	2027-08-01	273500916307173787	GG	404	0	C	N	N	EUR	0		500307555	N	2026-02-10	N
30	5	717377		1165825	"HÄSTGODIS DELIZIA ÄPPLE 3KG"		"2026-03-12 15:51:01"	90	0	FELI26	4	2027-08-01	273500916307173770	GG	404	0	C	N	N	EUR	0		500307555	N	2026-02-10	N
30	5	716866		1173943	"RC CAT HAIRBALL CARE 2KG"		"2026-03-12 13:51:23"	6	0	EMAN10	4	2027-08-08	273500916307168660	GG	404	0	C	N	N	EUR	0		500319972	N	2026-02-07	N
30	5	716827		200828968	"VÄGGSPACKEL RULLSPACKEL HERNIA ROLL & BUILD"		"2026-03-12 13:34:00"	45	0	FRAN66	4	2027-03-07	273500916307168271	MG	JKP	0	C	N	N	EUR			999111114	N	2026-03-07	N
30	5	716826		200828968	"VÄGGSPACKEL RULLSPACKEL HERNIA ROLL & BUILD"		"2026-03-12 13:34:00"	45	0	SAND18	4	2027-03-07	273500916307168264	MG	JKP	0	C	N	N	EUR			999111114	N	2026-03-07	N
30	5	716490		1263211	"TRAKTOR TORNADO 398 M"		"2026-03-12 11:03:38"	1	0	MALI14	4		273500916307164907	GG	404	0	C	N	N	EIG	0		500279088	N		N
30	5	716489		1263211	"TRAKTOR TORNADO 398 M"		"2026-03-12 11:03:38"	2	0	MALI14	4		273500916307164891	GG	404	0	C	N	N	EIG	0		500279088	N		N
30	5	716488		1263211	"TRAKTOR TORNADO 398 M"		"2026-03-12 11:03:38"	2	0	MALI14	4		273500916307164884	GG	404	0	C	N	N	EIG	0		500279088	N		N
30	5	716487		1263211	"TRAKTOR TORNADO 398 M"		"2026-03-12 11:03:38"	2	0	MALI14	4		273500916307164877	GG	404	0	C	N	N	EIG	0		500279088	N		N
30	5	716486		1263211	"TRAKTOR TORNADO 398 M"		"2026-03-12 11:03:37"	2	0	MALI14	4		273500916307164860	GG	404	0	C	N	N	EIG	0		500279088	N		N
30	5	716485		1263211	"TRAKTOR TORNADO 398 M"		"2026-03-12 11:03:37"	2	0	MALI14	4		273500916307164853	GG	404	0	C	N	N	EIG	0		500279088	N		N
30	5	716407		1148209	"HYDROFORPUMP 100 HT MAXI JET"		"2026-03-12 10:40:50"	14	0	ISAK02	4		273500916307164075	GG	404	0	C	N	N	EUR	0		500322231	N		N
30	5	716405		1263211	"TRAKTOR TORNADO 398 M"		"2026-03-12 10:40:04"	2	0	MALI14	4		273500916307164051	GG	404	0	C	N	N	EIG	0		500279088	N		N
30	5	716404		1263211	"TRAKTOR TORNADO 398 M"		"2026-03-12 10:40:04"	2	0	MALI14	4		273500916307164044	GG	404	0	C	N	N	EIG	0		500279088	N		N
30	5	716403		1263211	"TRAKTOR TORNADO 398 M"		"2026-03-12 10:40:03"	2	0	MALI14	4		273500916307164037	GG	404	0	C	N	N	EIG	0		500279088	N		N
20	5	689262		10009	"Autostore kartong"		"2026-03-12 10:01:31"	1	117	BRAH17	4		273500916306892627	GG	404	0	C	N	N	EUR			66375			N
20	5	689302		10009	"Autostore kartong"		"2026-03-12 09:53:02"	1	117	SEBA23	4		273500916306893020	GG	404	0	C	N	N	EUR			66415			N
20	5	689264		10009	"Autostore kartong"		"2026-03-12 09:51:57"	1	117	SEBA23	4		273500916306892641	GG	404	0	C	N	N	EUR			66377			N
30	5	716212		1249811	"MARSVINSFODER SELECT PELL 3KG"		"2026-03-12 09:42:03"	50	0	EMAN10	4	2027-05-01	273500916307162125	GG	404	0	C	N	N	EUR	0		500313153	N	2025-10-30	N
30	5	715975		1165205	"VALLFRÖ LIBRA 21 15 KG SW"		"2026-03-12 08:36:47"	20	0	EMAN10	4	2027-09-01	273500916307159750	GG	404	0	C	N	N	EUR	0		500319859	N	2026-03-12	N
20	5	715663		1238051	"VATTENAUTOMAT HÖNS 8L INKL BEN"		"2026-03-12 06:20:31"	35	0	ALEX87	4		273500916307156636	GG	404	0	C	N	N	EUR	0		68762			N
30	5	709161		1267384	"KRUKA CYLINDER RAND BEIGE LASYR D23"		"2026-03-11 07:53:18"	64	"179,2"	WILL32	4		273500916307091616	GG	404	0	C	N	N	EUR	0		68133			N
30	5	713986		1238523	"VETE HEL GG 20KG"		"2026-03-11 07:15:15"	32	0	LINU22	4	2026-03-11	273500916307139868	GG	404	0	C	N	N	EUR	0		500311611	N	2025-03-16	N
30	5	671187		1269329	"DROPPSLANG OVAN/UNDER JORD 25M 13503-20"		"2026-03-11 06:51:09"	8	"11,84"	LUDW05	4		273500916306711874	GG	404	0	C	N	N	EUR	0		500279867	N		N
30	5	709024		2002365545850	"GUMMISTÖVEL MED SÅGSKYDD 45 ORA/SVA"		"2026-03-11 06:50:28"	43	"131,28"	LUDW05	4		273500916307090244	GG	404	0	C	N	N	EUR	0		68117			N
30	5	712664		200101082	"VÅTRUMSTÄCK AQUAFINISH BAS A 9,5L"		"2026-03-10 09:41:11"	40	0	SAND18	4		273500916307126646	MG	JKP	0	C	N	N	EUR	0		999111089	N		N
30	5	707400		1267391	"KRUKA CYLINDER RAND BEIGE LASYR D13"	UTE06	"2026-03-09 16:04:55"	30	"22,5"	HEED12	4		273500916307074008	GG	404	0	C	N	N	EUR	0		500283108	N		Y
30	5	711415		2003480	"GRÄSKLIPPARE 48V MULTICLIP 547e S KIT"		"2026-03-09 11:45:59"	2	0	LINU22	4		273500916307114155	GG	404	0	C	N	N	EUR	0		500277430	N		N
30	5	711384		2003480	"GRÄSKLIPPARE 48V MULTICLIP 547e S KIT"		"2026-03-09 11:45:58"	2	0	LINU22	4		273500916307113844	GG	404	0	C	N	N	EUR	0		500277430	N		N
30	5	711383		2003480	"GRÄSKLIPPARE 48V MULTICLIP 547e S KIT"		"2026-03-09 11:45:58"	2	0	LINU22	4		273500916307113837	GG	404	0	C	N	N	EUR	0		500277430	N		N
30	5	711382		2003480	"GRÄSKLIPPARE 48V MULTICLIP 547e S KIT"		"2026-03-09 11:45:58"	2	0	LINU22	4		273500916307113820	GG	404	0	C	N	N	EUR	0		500277430	N		N
30	5	711381		2003480	"GRÄSKLIPPARE 48V MULTICLIP 547e S KIT"		"2026-03-09 11:45:58"	2	0	LINU22	4		273500916307113813	GG	404	0	C	N	N	EUR	0		500277430	N		N
30	5	711380		2003480	"GRÄSKLIPPARE 48V MULTICLIP 547e S KIT"		"2026-03-09 11:45:58"	2	0	LINU22	4		273500916307113806	GG	404	0	C	N	N	EUR	0		500277430	N		N
30	5	711379		2003480	"GRÄSKLIPPARE 48V MULTICLIP 547e S KIT"		"2026-03-09 11:45:58"	2	0	LINU22	4		273500916307113790	GG	404	0	C	N	N	EUR	0		500277430	N		N
30	5	711378		2003480	"GRÄSKLIPPARE 48V MULTICLIP 547e S KIT"		"2026-03-09 11:45:58"	2	0	LINU22	4		273500916307113783	GG	404	0	C	N	N	EUR	0		500277430	N		N
30	5	711377		2003480	"GRÄSKLIPPARE 48V MULTICLIP 547e S KIT"		"2026-03-09 11:45:58"	2	0	LINU22	4		273500916307113776	GG	404	0	C	N	N	EUR	0		500277430	N		N
30	5	711376		2003480	"GRÄSKLIPPARE 48V MULTICLIP 547e S KIT"		"2026-03-09 11:45:58"	2	0	LINU22	4		273500916307113769	GG	404	0	C	N	N	EUR	0		500277430	N		N
30	5	711375		2003480	"GRÄSKLIPPARE 48V MULTICLIP 547e S KIT"		"2026-03-09 11:45:58"	2	0	LINU22	4		273500916307113752	GG	404	0	C	N	N	EUR	0		500277430	N		N
30	5	711374		2003480	"GRÄSKLIPPARE 48V MULTICLIP 547e S KIT"		"2026-03-09 11:45:57"	2	0	LINU22	4		273500916307113745	GG	404	0	C	N	N	EUR	0		500277430	N		N
30	5	711373		2003480	"GRÄSKLIPPARE 48V MULTICLIP 547e S KIT"		"2026-03-09 11:45:57"	2	0	LINU22	4		273500916307113738	GG	404	0	C	N	N	EUR	0		500277430	N		N
30	5	711372		2003480	"GRÄSKLIPPARE 48V MULTICLIP 547e S KIT"		"2026-03-09 11:45:57"	2	0	LINU22	4		273500916307113721	GG	404	0	C	N	N	EUR	0		500277430	N		N
30	5	711371		2003480	"GRÄSKLIPPARE 48V MULTICLIP 547e S KIT"		"2026-03-09 11:45:57"	2	0	LINU22	4		273500916307113714	GG	404	0	C	N	N	EUR	0		500277430	N		N
30	5	711370		2003480	"GRÄSKLIPPARE 48V MULTICLIP 547e S KIT"		"2026-03-09 11:45:57"	2	0	LINU22	4		273500916307113707	GG	404	0	C	N	N	EUR	0		500277430	N		N
30	5	711369		2003480	"GRÄSKLIPPARE 48V MULTICLIP 547e S KIT"		"2026-03-09 11:45:57"	2	0	LINU22	4		273500916307113691	GG	404	0	C	N	N	EUR	0		500277430	N		N
30	5	711368		2003480	"GRÄSKLIPPARE 48V MULTICLIP 547e S KIT"		"2026-03-09 11:45:57"	2	0	LINU22	4		273500916307113684	GG	404	0	C	N	N	EUR	0		500277430	N		N
30	5	709672		1019148	"DESINFEKTION VIRKON S 5 KG"		"2026-03-06 11:04:35"	4	0	TARI10	4		273500916307096727	GG	404	0	C	N	N	EUR	0		500315796	N		N
30	5	521188		1248842	"MENYBOX GG MIX I SÅS 12X85GR"	UTE06	"2026-03-05 15:40:47"	1	"1,11"	WILL32	4	2027-08-03	273500916305211887	GG	404	0	C	N	N	EUR	0					Y
30	5	708434		200782743	"FLYTTLÅDA XL-BYGG L560XB330X370X7MM"		"2026-03-05 14:38:46"	100	0	SAND18	4		273500916307084342	MG	JKP	0	C	N	N	EUR	0		999110325	N		N
30	5	708144		700171223	"FLYTTLÅDA BOLIST SK214/CB 7X560X370X330MM"		"2026-03-05 13:33:43"	100	0	SAND18	4		273500916307081440	MG	JKP	0	C	N	N	EUR	0		999110677	N		N
30	5	521190		1248842	"MENYBOX GG MIX I SÅS 12X85GR"	UTE05	"2026-03-04 14:32:18"	1	"1,11"	BRAH17	4	2027-08-03	273500916305211900	GG	404	0	C	N	N	EUR	0					Y
30	5	702724		1186416	"HÄSTFODER GG ORIGINAL PELLETS 20KG."		"2026-03-03 08:08:57"	1	0	EMAN10	4	2026-08-17	273500916307027240	GG	404	0	C	N	N	EUR	0		500309052	N	2026-02-18	N
30	5	702705		1186416	"HÄSTFODER GG ORIGINAL PELLETS 20KG."		"2026-03-03 08:01:49"	1	0	EMAN10	4	2026-08-17	273500916307027059	GG	404	0	C	N	N	EUR	0		500309052	N	2026-02-18	N
30	5	702286		1269199	"FRÖPÅSE F ROSA ÄRT BRYTSOCKER NAIROBI"	UTE04	"2026-03-02 15:45:45"	20	"0,38"	NUUR54	4	2027-09-01	273500916307022863	GG	404	0	C	N	N	EUR	0		500313222	N	2024-09-06	Y
20	5	702356		1267230	"GRÄSKLIPPARE 48V MULTICLIP 547 AE KIT"		"2026-03-02 15:32:23"	1	0	MALI14	4		273500916307023563	GG	404	0	C	N	N	EUR	0		67493			N
20	5	702034		1156564	"BANDSKARV 20 MM 5 ST"		"2026-03-02 14:19:34"	2	"0,12"	MALI14	4		273500916307020340	GG	404	0	C	N	N	EUR	0		500311137	N		Y
30	5	701490		1020707	"SVÄRD 15""/38CM 0.325"" 1,5MM"	UTE04	"2026-03-02 10:55:31"	10	"7,9"	CLAR16	4		273500916307014905	GG	404	0	C	N	N	EUR	0		67469			Y
20	5	697500		1244645	"FF DOG SNACK VENISON & TURKEY 200g"		"2026-02-26 11:10:13"	144	0	KIMH82	4	2027-07-17	273500916306975009	GG	404	0	C	N	N	EUR	0		500310161	N	2026-01-15	Y
20	5	696666		2001433	"FRÖPÅSE F CITRONMELISS MANDARINA"		"2026-02-25 15:49:43"	10	0	MOAE93	4	2028-09-01	273500916306966663	GG	404	0	C	N	N	EUR	0		500313184	N	2025-09-07	Y
20	5	695234		2003532	"RYGGSPRUTA PRO 1300"		"2026-02-25 09:24:00"	6	0	JULI38	4		273500916306952345	GG	404	0	C	N	N	EUR	0		66956			N
20	5	690612		2003662	"BOZITA MOUSSE REINDEER 85G"		"2026-02-20 11:39:56"	12	"1,2"	MALI14	4	2027-09-18	273500916306906126	GG	404	0	C	N	N	EUR	0		66485			Y
